,author,updated_at,like_count,text,public
0,@elisalenasari5272,2024-11-01T05:31:17Z,0,ğŸ”¥ğŸ”¥ğŸ”¥ğŸ”¥,True
1,@elisalenasari5272,2024-11-01T05:29:57Z,0,Onicc,True
2,@AnisaNurul-wr1rw,2024-11-01T04:50:02Z,1,Sjjusjud,True
3,@saniarizka2465,2024-10-31T17:55:48Z,0,hhh,True
4,@BagasBagas-sn5yq,2024-10-31T03:47:36Z,0,Trevel kil ga ada kairi,True
5,@BagasBagas-sn5yq,2024-10-31T03:44:52Z,0,Kairi okk mantap,True
6,@Bagiyo-z2p,2024-10-30T11:03:40Z,0,Tim kairi mananihjjjjjjğŸ‰,True
7,@merydhitu5708,2024-10-30T02:57:21Z,0,Hei moonton anggap saya,True
8,@wasisshodiqin2686,2024-10-29T08:20:12Z,0,Seru banget,True
9,@ArshakaAl-o3i,2024-10-28T14:15:56Z,0,"Onic banyak gaya, ujung2 nya keokğŸ˜…ğŸ˜…",True
10,@FaizahAurelia,2024-10-28T07:47:34Z,0,Gila rrq ni bos,True
11,@AbdulRasid-w8p,2024-10-28T01:03:11Z,0,RRQ MINUS NYA CUMA DI SI RINZ,True
12,@Mario-h5x6m,2024-10-27T14:42:00Z,1,Ngantuk gw,True
13,@CU-XTV,2024-10-26T11:11:12Z,0,Rrq sihh,True
14,@arfaksalowis,2024-10-26T10:34:51Z,0,Gue mah respect sutsujin sih 0 :12,True
15,@joyogiso9750,2024-10-26T07:06:05Z,1,RRQ jaya jaya jaya,True
16,@dhaffaarrizkysantoso5261,2024-10-26T00:51:51Z,0,kalahin onic ya RRQ,True
17,@dhaffaarrizkysantoso5261,2024-10-26T00:50:24Z,0,Ayo RRQ biar kamu menang lagi RRQ sedikit lagi kamu menang,True
18,@fahmiyusuf8006,2024-10-24T14:44:12Z,0,makasih sutsujin karna gak buat gw kecewa dan tim RRQ,True
19,@YogaWijianto-lb8fc,2024-10-24T09:04:16Z,0,Bang menang gak kalau menang ajarin dong,True
20,@fauzanyzx8002,2024-10-23T05:39:22Z,0,rrq,True
21,@muhammadridhoobama2610,2024-10-22T13:34:07Z,0,7:00,True
22,@AULLYACH123,2024-10-19T15:34:39Z,0,RRQ pasti menangâ¤â¤â¤,True
23,@veronicamargreth-lz8qx,2024-10-19T12:17:26Z,1,7:00,True
24,@littlepriya5519,2024-10-19T08:44:47Z,0,Est-ce que tu m'aimes,True
25,@KeyFf26,2024-10-18T13:53:18Z,0,Semangat onicâ¤â¤â¤,True
26,@lnsa-p9n,2024-10-18T13:30:13Z,0,Rrg 1game over confi,True
27,@ramli-i5p,2024-10-18T12:37:47Z,0,Kebayakan orng tolol main ML kya septiawan,True
28,@Yubs-X-Dyyroth,2024-10-18T11:54:42Z,0,Onic bot krocoğŸ˜‚,True
29,@dahrowi4241,2024-10-18T11:10:36Z,0,ğŸ‘ğŸ‘,True
30,@AhmadTakyudin-q4c,2024-10-18T10:45:00Z,0,RRQ TANPA SUTSUJIN BISA APA CO SAMA SEKAYILAR,True
31,@BujangVivo-di6om,2024-10-17T03:12:14Z,0,Keren susjinn mantap kali,True
32,@SANG12345hitam,2024-10-16T22:50:34Z,0,Game burik,True
33,@EdwinAndrianto-y2s,2024-10-16T11:58:44Z,0,Pp,True
34,@PalmerAbel-h9f,2024-10-16T09:52:25Z,0,Garcia Helen Taylor Helen Hernandez Donna,True
35,@AlexanderPLegesang-b2t,2024-10-15T21:30:50Z,0,0:35 0:36 0:37 0:38 0:39 0:40 0:41 0:42 0:43,True
36,@YatanoDiyaba,2024-10-15T14:31:46Z,0,Ih suka bgt liat skylar usap usap kepala member2 nyaaağŸ˜¢,True
37,@RifkyPratama-fm1rt,2024-10-15T13:19:54Z,0,Klss Ling nyağŸ™ğŸ»,True
38,@pahrulpahrozi4574,2024-10-15T10:14:37Z,0,Menyala fanaticonic kuu,True
39,@TazulArifin-r6u,2024-10-15T08:17:29Z,0,7:00,True
40,@kyarypamyupamyu5088,2024-10-14T18:58:56Z,0,Satu tim sama RRQ mereka dark system semua dapet medali coklat pada.,True
41,@faisalrahman8394,2024-10-14T14:28:26Z,0,RRQ Gilaaakk...!,True
42,@Martell174,2024-10-14T05:02:50Z,0,Gila seru parah ni match,True
43,@SamsulBahri-y6k,2024-10-14T03:26:33Z,0,Baru tau fungsi ulti gatotğŸ˜…ğŸ˜…ğŸ˜… trnyata buat kaburğŸ˜…ğŸ˜…ğŸ˜…,True
44,@antoxantox8457,2024-10-13T18:14:18Z,0,Game tololl,True
45,@SiskaSiska-l9w,2024-10-13T14:18:59Z,0,"Nerf kb, berisik gk guna",True
46,@ToleKirun,2024-10-13T08:37:55Z,0,"masukan buat mpl sih itu suara comentar mlnya yang forst blood, doble kill sampe savage agak di kerasin dikit... 

soalnya seperti tensinya lebih bagus aja...",True
47,@mijemrikasusanti95,2024-10-13T06:12:49Z,0,"game gajelas jujur renk tertinggi gw glory awal dan setiap renk abis sesend dan gw hari ini juga masih legend 1 dan setiap gw main renk solo tim gw penghuni legend asli musuh nya renk tertingga ada yg honor glory dann tim gua ya gitu skill bocahh coba"" , plis moonton di benerkan sistem nya kllo gitu nama nya ga adill dong tolong kasih tim dan musuh yang imbang. moonton apa inii ga adill klo perlu saya bisa ss semua memang moonton game gapunya sistem.",True
48,@wiwitfikaduri508,2024-10-13T03:07:46Z,0,Gs9geog03tğŸ˜Š,True
49,@FerrySuwandi-g9l,2024-10-12T23:35:17Z,0,rrq Pasti menang,True
50,@hasansrl1156,2024-10-12T19:14:13Z,0,Skylar ne oynamÄ±ÅŸ be amk bÃ¶yle oyun gÃ¶rmedim ben onici yok etmiÅŸ,True
51,@haikalafifudin367,2024-10-12T06:04:27Z,0,Game akan lebih seru jika caster nya bukan kb,True
52,@vosen_satriawi,2024-10-12T05:28:35Z,0,Onic kalau mau menang mainkan albret  jadi hyper,True
53,@kevinvinales1266,2024-10-11T21:26:03Z,0,"bisa apa rezzz, pemain goblok ğŸ¤£",True
54,@Putriewardah,2024-10-11T11:32:03Z,0,Padahal udah di bantai sama onic yaudah ga papah kita lihat pertandingan 2,True
55,@febrianaldi146,2024-10-11T10:21:38Z,0,â¤,True
56,@Nurfadilah-p5e,2024-10-11T04:43:14Z,1,mantap,True
57,@kinguyech471,2024-10-11T02:04:20Z,0,TABRAAAAK,True
58,@fauzi-yj5vd,2024-10-11T00:47:04Z,0,"Wkwkwkwkw CW main lunox kek main fighter, tank. 

Sakit perut guağŸ˜‚ğŸ˜‚ğŸ˜‚",True
59,@PakDen-bk2fq,2024-10-10T06:25:11Z,0,Gg,True
60,@darkdino5,2024-10-10T06:12:21Z,0,so many indogs barking,True
61,@BarbaraYoung-n5q,2024-10-10T01:19:29Z,0,Clark Brenda Lopez Kimberly White Gary,True
62,@JulioPutra-s4p,2024-10-10T01:13:19Z,0,"mana ni yg dulu bilang sambil teriak this is kiboy wkwkwkwk
apa.sudaj habis batrai kah?",True
63,@JulioPutra-s4p,2024-10-10T01:12:32Z,0,mana ni dulu yg bilang roamer terbaik dan mid terbaik,True
64,@JulioPutra-s4p,2024-10-10T01:11:58Z,0,iya lah kalah ya kalah mau alasan apa aja,True
65,@novianromadoni,2024-10-09T19:44:36Z,0,kalo kalah ya kalah aja ga ada alasan,True
66,@ujangsupriatna7359,2024-10-09T15:10:28Z,0,Hakan tah ku sia jing ..lebooooooxxxxxx,True
67,@SitiLatifah-l2m,2024-10-09T13:06:50Z,0,REQ belum letgem,True
68,@faridahhanum394,2024-10-09T07:21:13Z,0,"Klo onic kalah
 gua bantai RRQ make Roger",True
69,@niluhsuriasih3297,2024-10-09T06:58:53Z,0,sutsujin gila sih,True
70,@lutfiaquilapranaya7813,2024-10-08T09:33:53Z,0,lemon gak maen,True
71,@Gr7bang,2024-10-07T14:20:24Z,1,Skylar botak weğŸ˜…ğŸ˜…,True
72,@Difrak-l3w,2024-10-07T05:29:21Z,0,"Kalau sanz ga mati menit akhir sama skylar, kek nya masih blm end game nya.",True
73,@Azam2024-q4o,2024-10-07T03:47:23Z,0,Onic sple,True
74,@FizaAfiza-t4k,2024-10-06T22:13:29Z,0,"lz""",True
75,@FizaAfiza-t4k,2024-10-06T22:13:29Z,0,"lz""?",True
76,@sdnegeri1sakra,2024-10-06T11:16:10Z,0,"Sans tolol , sok kali nggak mau mundur ujung ujungnya mati , sans auuut aja",True
77,@ndhikapoetra7511,2024-10-06T10:57:18Z,0,Pemain paok paok,True
78,@zxozi8506,2024-10-05T05:33:19Z,0,"Tutor biar dpt tim enak dong 13x kalah 13x mvp semua 
Masih stuck epic 1-2",True
79,@fifihafizahzahara3518,2024-10-05T01:46:14Z,0,LoL KAIRI,True
80,@RegiUhuy,2024-10-04T17:05:58Z,0,ulti gatot cuman di pake buat kabur doang wkwkwkw,True
81,@Ayamcolorful01,2024-10-04T15:06:32Z,0,,True
82,@Stenlywelkis,2024-10-04T12:08:44Z,0,Pas onic kalah RRQ Bilang Ga ada Kairi bisa apa Skrg Mereka ga bisa apaÂ¹,True
83,@SukariMobile,2024-10-04T05:48:45Z,0,Yah sunsujin GK pake Fanny,True
84,@AynaRamadhania0406,2024-10-03T03:46:21Z,0,Kelazz makronya sutsujin,True
85,@UsmanAlinudin,2024-10-02T16:02:11Z,0,Buts udah ga ada ya?,True
86,@muhammadaliichwan3410,2024-10-02T13:36:39Z,0,Komentator ngomong apa GK mutu sekali ngomong apa ganggu aja ngomong blepeton bicara yg pelan dan bicara yg jelas padat biar di dengar orang keliatan baik,True
87,@NorHalimah-rx3wq,2024-10-01T09:44:47Z,0,Onik butuh buts buts aku syg kamuâ¤â¤â¤â¤,True
88,@Fahrigeming4278,2024-10-01T09:20:33Z,1,Go onic,True
89,@MuhammadBagus-c8i,2024-09-29T14:53:33Z,0,Vvhiccvvic,True
90,@Muh.khalif990,2024-09-28T04:45:26Z,0,"Rezz membuat kesalahan fatal di 31:26 , ini yg membuat onic ter wipe out",True
91,@SendalJepit-y9t,2024-09-27T12:56:10Z,0,"Kairi sok keras Melulu.
Terbukti.. !!! Dah berulang kali liat permainan kairi se bego itu. Masih aja dipake terus..
Bayar org bdh, ngapain...",True
92,@Penghuniepic46,2024-09-27T12:19:44Z,0,RRQ ni bos,True
93,@rynnvyxl3341,2024-09-27T11:24:33Z,0,Skylar sama sutsujin serem bener bjir,True
94,@umarkucup600,2024-09-27T06:04:16Z,0,"sanz songong , kalah diem, kiboy byk.bcot, skil zonk...",True
95,@WahidaRohmana,2024-09-26T19:38:03Z,0,Mampozzz,True
96,@muhsabita,2024-09-26T07:50:44Z,0,rezz banyak gaya doang,True
97,@ekatoto1672,2024-09-25T20:25:52Z,0,Sutsujin sama skylar dingin bangetğŸ¥¶,True
98,@agustiantompel8991,2024-09-25T15:12:22Z,0,Fans Kairi like bosssssğŸ˜,True
99,@MawarardiArdi,2024-09-25T13:43:05Z,0,Roger mode Musik,True
100,@Fadilah11-n6b,2024-09-25T13:37:33Z,0,waww,True
101,@Fadilah11-n6b,2024-09-25T13:37:15Z,0,waww,True
102,@nirmawatitinaLolan,2024-09-25T13:34:03Z,0,"Kairi ganteng banget, semangat ONICâ¤â¤",True
103,@HannAef-f4l,2024-09-25T06:51:32Z,0,Plg seru war onic rrq ğŸ˜®ğŸ˜®ğŸ˜®,True
104,@Wanssszzz,2024-09-25T06:06:04Z,0,Inimah Kairul nyari savage,True
105,@Zeeproject11,2024-09-25T05:41:59Z,0,Menyala sutsujinğŸ”¥ğŸ”¥,True
106,@RafaelSinambela-vk8os,2024-09-25T04:45:33Z,1,Kairi memang jago maniac gak tuh,True
107,@Cilcilacila,2024-09-25T04:26:07Z,1,"Baru kali ini gua nonton sampe teriak teriak saking ikut tegangnya, ini baru namanya war",True
108,@faisalchannel248,2024-09-24T12:44:21Z,0,ğŸ‘,True
109,@wakidikidi3793,2024-09-24T08:55:10Z,0,Siapa berani baiwan karo RRQ,True
110,@BettyClark-r3h,2024-09-23T20:10:27Z,0,Harris Robert Miller George Moore Scott,True
111,@AngelaWatulangkou,2024-09-23T12:48:44Z,0,Baru sadar skylar botak ğŸ˜‚,True
112,@enyrohmia1632,2024-09-23T12:08:25Z,0,"Disini kairo terus dijaga, sedangkan sutsujin terbang bebas gilaaa sih sutsujin",True
113,@MahliZally,2024-09-23T03:38:33Z,0,"Onic kalah gara"" cewe yang buta map",True
114,@TanMing__,2024-09-22T18:18:28Z,0,"KICK ADI, SESIMPLE ITU ğŸ—¿",True
115,@jocelyncharlson8844,2024-09-22T13:26:55Z,0,Thomas Edward Gonzalez Christopher Allen Lisa,True
116,@hadiiswanto451,2024-09-22T08:35:26Z,0,Bnyk amat lambgg dajjal ny,True
117,@hadiiswanto451,2024-09-22T08:34:54Z,0,Game dajjal,True
118,@hadiiswanto451,2024-09-22T08:34:15Z,0,Game dajjal,True
119,@hadiiswanto451,2024-09-22T08:33:59Z,0,Game dajjal,True
120,@tarizalrizal7059,2024-09-22T07:22:27Z,0,Pemain lama di lawan pemain baru ttep aja menang RRQ  pemain lama zama nya evos jess No limitt tpi tanpa lemon pemain bru skarang,True
121,@hamdinatakarien2765,2024-09-21T23:39:40Z,0,terbaik,True
122,@whitexbear9263,2024-09-21T16:39:58Z,0,9:41 adaa easter egg,True
123,@TomiRitonga,2024-09-21T12:23:25Z,0,Lawak cewe make Roger ğŸ˜‚ğŸ˜‚ğŸ˜‚ğŸ˜‚ğŸ˜‚ğŸ˜‚ğŸ˜‚,True
124,@Delrichanel,2024-09-21T10:04:32Z,0,ğŸ˜…ğŸ˜ŠğŸ˜…ğŸ˜®ğŸ˜…ğŸ˜…,True
125,@ponpokobushi7389,2024-09-21T08:06:50Z,0,bnyk gaya njir si rezzzğŸ˜…,True
126,@Huntingvilla,2024-09-21T06:55:26Z,0,Ini pertandingan nya sutsujin sangat mantap selain godline semua sempurna,True
127,@Huntingvilla,2024-09-21T06:53:24Z,0,"Ini pertandingan yg aku ulang ulang tonton dan gak pernah bosan 
Sangat asik dan elit 
Aku suka rrq karna lemon dan sutsujin",True
128,@Nu99etsYGY,2024-09-21T06:46:24Z,0,kelaz kingğŸ”¥,True
129,@syifaquentz0625,2024-09-21T03:28:51Z,0,Oniconoc kalah terahir ua yah wajarlah tapi rrq ni. BOS,True
130,@FanisNingsih,2024-09-21T01:32:43Z,0,Menang kak tuh,True
131,@srirohani7739,2024-09-20T15:21:59Z,0,terus berusa saja usaha tidak pernah menghianati hasil tetap semangat ONIC,True
132,@sukmawanda5852,2024-09-20T14:18:13Z,0,Match terbaik sampe gak bosen liatnya,True
133,@irvanmanurung3918,2024-09-20T14:14:33Z,0,A,True
134,@damplenkoxs8266,2024-09-20T12:58:37Z,0,Mencari alasan kiboy wkwk,True
135,@GolBagol-fz5jw,2024-09-20T11:43:52Z,0,"MANA NICH YANG MAU BALAS DENDAM 
UDAH KETEMU MALAH KE BANTAI",True
136,@alfharuq24,2024-09-20T10:20:29Z,0,Ketika ada tim yg lebih kuat atas ONIC berasa banget kalau ONIC selama ini digendong PH cuma bocil konoha malu mau ngakuin.,True
137,@Dalipaja,2024-09-20T09:03:22Z,0,GG RRQ NT FNATIC ONIC,True
138,@MahliZally,2024-09-20T07:59:10Z,0,Sainz buta map,True
139,@danielgatroken385,2024-09-20T03:36:39Z,0,Mantap rrq walau g ada alien dari rrq,True
140,@hackinggg7489,2024-09-19T20:56:04Z,0,.,True
141,@dedesahidin9780,2024-09-19T20:43:11Z,0,"Wkwkwk so kiboy panik ulti Gatot ,mental nya emng lemah sama kaya si buts",True
142,@xionnn2143,2024-09-19T20:04:34Z,0,Si pulung ngerap,True
143,@dhaastrifegaming2359,2024-09-19T17:47:24Z,0,Kasian kairi udh kill banyak ehh ke kombekğŸ˜‚,True
144,@EngkusAndi,2024-09-19T17:00:36Z,0,"Kerennn beud nih last lordnya, dyreennnn kerennnn",True
145,@badboysquare3988,2024-09-19T16:10:44Z,0,"Kasian ya kalah onicğŸ˜‚, agresive tapi kalah kairi kairi",True
146,@RosadiLubis-y1q,2024-09-19T15:38:51Z,0,Puas bnget gua liat onic dibantai dua kali,True
147,@RadityaAlfahrezy,2024-09-19T14:18:25Z,0,saboo.,True
148,@sedikittau8406,2024-09-19T13:19:45Z,0,"RRQ itu nafas bagi YouTube MPL ID. Coba klo GX percaya scrol aja. Team mana yg bertanding yg menghasilkan view terbanyak klo bukan RRQ.  Match RRQ vs FONIC leg 2 ini aja udh 1 juta view 
Dan RRQ vs BTR bakalan nyusul ke 1 juta View. 

Coba klo RRQ semisal GX ada di MPL ID. Pasti sepi penonton ğŸ˜…",True
149,@miko0094,2024-09-19T12:56:59Z,0,Kairi esportğŸ˜‚,True
150,@miyamuraizumi132,2024-09-19T11:31:27Z,0,Sutsujin x Sutsuling,True
151,@Kingsmile8320,2024-09-19T11:19:25Z,0,"Jan asal recall dek, udah tau rrq tukang combekğŸ˜‚ğŸ˜‚ğŸ˜‚ğŸ˜‚",True
152,@RizalAf-p4l,2024-09-19T07:13:57Z,1,Sakit kuping gw dengerin pak pulung ngomong belibet bnget njir wkwkwk,True
153,@urangsundaasli9361,2024-09-19T06:07:46Z,0,PEMUJA KAIRI KIRA2 MAU PAKE ALESAN APA LAGI YAH KALO TIMNYA SEDANG LAWAK,True
154,@randomkonten9680,2024-09-19T01:52:43Z,0,"Sang Raja lagi berada di atas tahta,,",True
155,@harisvegeance1,2024-09-18T22:13:20Z,1,LEMON KEMANA?,True
156,@thecover7185,2024-09-18T20:39:50Z,0,Mana nih kairi esport,True
157,@RotanimodGaming,2024-09-18T19:37:43Z,1,"ğŸ¥µPanggil Kapten Butsss balik ga sih? 
Buktinya hehehe https://www.youtube.com/watch?v=ab3ZDKdefM8",True
158,@enonginside7764,2024-09-18T15:36:03Z,0,Kiyboy kebanyakan rcall,True
159,@ilyasajr1072,2024-09-18T14:39:30Z,0,SKEILERRRRR YUHUUUUU,True
160,@adhejams1439,2024-09-18T12:58:48Z,0,settingan gak sih..??,True
161,@masmullet2137,2024-09-18T11:51:01Z,0,Maniac mu tk seindah Wipeout kuğŸ˜,True
162,@JendralKantjil,2024-09-18T09:52:47Z,0,Tazz pernah bilang sutsujin itu bakal Mateng..,True
163,@leonardodameri5041,2024-09-18T09:09:05Z,0,"@MPL ID : tolong dong min 
Kalau ada match2 besar yg tegang begini 
Duetin lagi min pak pulung lim kocul sama kb 
Karna menurutku trio ini bagus banget dalam membawa suasana para penonton lebih tegang dan lebih seru dalam menonton pertandingan tersebut 
Dapat banget bikin merinding jugaa 
Nge castnya bagus lah bawain hype kedalam penonton juga jadi penonton jadi pengen stay terus 
POV merinding dari ku ketika RRQ vs onic di game 1 
Aku merinding denger lim kocul dan pak pulung ucapkan kata wipe out 
Saat rrq menang di menit 25 itu gatau merinding aja ğŸ¤˜ğŸ¤˜",True
164,@skycryzxx,2024-09-18T08:23:13Z,0,07.50 gg sutsujin,True
165,@Gembel_elite835,2024-09-18T08:08:27Z,0,"ğŸ˜‚ğŸ˜‚ğŸ˜‚ğŸ˜‚ onic gk berubah2 dari season 1 smpe skrg cuma jadi kelinci percobaan rrqğŸ˜‚ğŸ˜‚ğŸ˜‚
Dapetin piala cuma bisa bayar tim lain doang biar bisa menang",True
166,@SyaraifaN,2024-09-18T08:06:38Z,0,Apakah Onic akan menjadi rival RRQ?,True
167,@penguasakegelapan-j9d,2024-09-18T08:00:38Z,0,"bener' seru kalo rrq vs onic, ğ—¥ğ—§ğ—£ğŸ´ğŸ¬ğŸ¬ğŸ¬ selalu suport kalian semua",True
168,@mkchannelofficial,2024-09-18T07:07:30Z,0,1juta views,True
169,@GilangBlitar,2024-09-18T06:26:43Z,1,The real come back,True
170,@Ridergeming123,2024-09-18T05:18:39Z,0,nice,True
171,@muhamadwahyudi446,2024-09-18T03:56:14Z,0,Sans terdiam gak bisa tengillğŸ˜‚,True
172,@SMGmanga,2024-09-18T02:01:16Z,0,TDK ada kaAA  parlay y ML ğŸ˜‚ğŸ˜…ğŸ˜…,True
173,@FahriJP,2024-09-18T01:46:55Z,0,gila' fnoc tetap semangat FNOC udah lumayan ğŸ’ªğŸ’ª,True
174,@rizallalbahar6159,2024-09-18T01:32:58Z,0,Sanzzzz mana suaranya???,True
175,@crymorest2152,2024-09-17T21:26:30Z,2,"Menang dipuji, kalah dihina, seperti itulah yg katanya ""FANS"".",True
176,@muhidinmuhi2577,2024-09-17T19:19:33Z,0,keren sih,True
177,@dorabudek,2024-09-17T17:43:07Z,0,Igat kata ku ini 2-0 ada alasanğŸ˜‚ğŸ˜‚ğŸ˜‚ğŸ˜‚ğŸ˜‚,True
178,@dadanmandala2266,2024-09-17T17:36:57Z,0,"Mentalnya ngeri....tower abis bisa jdi menang...gila sih tim ini â¤â¤â¤ skylar menyala, user ling jg mainnya madep sabar tunggu momment...yg lainnya jg kerenâ¤â¤â¤â¤",True
179,@srilestari332,2024-09-17T17:20:09Z,0,Behasil,True
180,@erensadikna7269,2024-09-17T15:37:47Z,0,988rb min wkwkwkkğŸ˜«ğŸ˜«,True
181,@RyuBiyantri,2024-09-17T15:18:19Z,0,Keren sih mpl kali ini buat RRQ...,True
182,@motivasi_hidup_islami941,2024-09-17T15:01:20Z,0,berhasil,True
183,@amir-k1g1r,2024-09-17T14:28:23Z,0,Minimal dukung kairiâ¤â¤,True
184,@rajibtengil8609,2024-09-17T14:27:09Z,1,Mamam tuh banyakin recall sanzz banyak gaya si bahahahahah,True
185,@RivanNofriyan,2024-09-17T14:13:05Z,0,Anjir kairi ğŸ‘ğŸ¤£,True
186,@adelrokok6576,2024-09-17T14:06:21Z,0,p,True
187,@demux.i9287,2024-09-17T13:44:14Z,0,GG Dyren sih pas momentum di lordnya. epic bener,True
188,@pulungputra,2024-09-17T13:18:26Z,0,"Analis casternya soktau, udh mending diem ae",True
189,@meykerempas6439,2024-09-17T12:33:46Z,0,dyren save the dayğŸ‰,True
190,@hardifachrul8353,2024-09-17T12:30:09Z,0,Fans kairi pindah kezubsujin,True
191,@aufasufiyullah,2024-09-17T12:08:41Z,0,Turtle ya hilang di awal,True
192,@afrijaldz,2024-09-17T12:04:09Z,0,coba kalo ada butss pasti menang,True
193,@NiniPansa,2024-09-17T11:33:31Z,0,YesssssssğŸ¤ğŸ¤ğŸ¤ğŸ¤ğŸ¤ğŸ‘ğŸ‘ğŸ‘ğŸ‘ğŸ‘,True
194,@NiniPansa,2024-09-17T11:22:35Z,0,Honestly Sutsujin is better than kairi in LING,True
195,@TAMATAMAGG,2024-09-17T10:52:52Z,0,rrq â¤,True
196,@axelpay3428,2024-09-17T10:46:21Z,0,yang juara ttep BTR,True
197,@realita2249,2024-09-17T10:17:09Z,0,Siapa itu rezz ğŸ˜‚,True
198,@imamcoy9614,2024-09-17T09:48:02Z,0,Gg,True
199,@hendrakobayashie6034,2024-09-17T09:34:20Z,0,"sudah lah.. akui saja, masa kejayaan onic sudah habis, sekarang masa kejayaan kingdom.. kami titip M6 ke RRQ, bawa pulang kembali piala kita king",True
200,@viral_tv45,2024-09-17T09:31:05Z,0,puasss,True
201,@AndikIbrahim,2024-09-17T07:59:09Z,0,Kerennnnnnn.ini game play.terbaik,True
202,@parminretto5154,2024-09-17T07:28:16Z,0,"Ini caster g enak bgt ya .
Kb ma pulung enak yang baru g enak denger nya",True
203,@zaenalowexa7926,2024-09-17T07:01:55Z,0,"Padahal Udah 1 Minggu lebih yang lalu Pertandingan ini, Tapi, Gak pernah Bosan Untuk mengulang dan mengulang lagi, War antara 2 Guild kelas atas ini. Semangat Untuk Kalian Menuju M series.",True
204,@yohandj8608,2024-09-17T05:10:35Z,2,Tambah cinta RRQ. pokoknya the bestğŸ‘ğŸ”¥,True
205,@trigunanto0856,2024-09-17T05:02:40Z,1,"entah cuman gua doang atau gimana ya..sutsujin tiap menang lawan onic, pasti senyum sumringah gitu lho dari leg 1 dan leg 2 ini..kalian pada ngeh gak sih ges?atau match lain juga senyum sumringah lawan tim lain?",True
206,@mriefqihidayat7483,2024-09-17T03:22:11Z,1,"Saran sih buat pulung, ga usah maksain ngomong cepet, jadinya belibet ga jelas ngomong apa. Contoh caster English on point banget apa yg diomongin ga ngurangin keseruan in game",True
207,@salsabilongchannel6741,2024-09-17T02:31:36Z,2,Skylarnya jago. 4 vs 5 sedangkan sutsujin fokus split push keren,True
208,@gamemodchanel2943,2024-09-17T01:15:07Z,1,Ling apaan itu cokkkğŸ‰,True
209,@OghelCemonk,2024-09-17T00:14:02Z,0,tetap rispek dan jangan langsung besar kepala tetap konsisten rrq selamanya,True
210,@OghelCemonk,2024-09-17T00:13:02Z,1,sampai nangis gua liat permainan rrq season14 ini,True
211,@Mangcihuy-p6m,2024-09-16T23:59:03Z,1,"Ciee udh gk era ponik lagi,si rezz dark sistem ajg, ibarat RRQ kehilangan R7",True
212,@jiSatoru,2024-09-16T18:54:34Z,0,Mikro makro sutsujin Gda obat gila Mekaniknya Haigh Banget #MenyalaKingArturğŸ”¥,True
213,@IndraLesmana-v9b,2024-09-16T18:27:59Z,0,"Kelazzzz kiboy gk ada alasan , wkwkwkwk dua jendol 2-0",True
214,@iwansetyawanricha8926,2024-09-16T17:30:15Z,0,"Udah dilahirkan kalo RRQ 1st, onic hanya ripal badutğŸ˜‚",True
215,@maullmaulana7711,2024-09-16T16:23:41Z,0,20:48.monteg â¤,True
216,@zaenalle7464,2024-09-16T15:21:17Z,0,khezcute ini bos mantan kapten tim dota yg draftpick nya lebih puyeng,True
217,@HansaZahra,2024-09-16T15:00:21Z,0,Rezz ngapain recal2 ? Waktu artur mati,True
218,@MfourDtv,2024-09-16T14:44:08Z,1,"Gue ngakak liat rezz recal"" trs ke bantai ğŸ¤£rezz kmu itu siapa kocak ğŸ˜‚ mainnya aja bapuk lawan rrq sok asik klo maenğŸ˜‚",True
219,@duniaabang-qj7yw,2024-09-16T14:11:33Z,0,Udah ad kairi ttp aj klh mau alesan apağŸ‰ğŸ˜‚,True
220,@ifankosasi2045,2024-09-16T13:44:15Z,0,Mantappp lokalğŸ¤ŸğŸ¼ğŸ”¥ğŸ”¥ğŸ”¥ğŸ”¥ğŸ”¥ğŸ”¥,True
221,@dapurmana,2024-09-16T13:00:56Z,0,Mending lutpi ketimbang rezz,True
222,@heriheri2528,2024-09-16T13:00:38Z,0,Yang gk masuk akal sananya banyak gaya recall2,True
223,@drummerbatak,2024-09-16T11:10:11Z,0,"onic kalah sama diri sendiri nih game pertama, ganyang terus wkwkwkw seruuuuuu",True
224,@Galz91,2024-09-16T10:19:54Z,1,Sudah saatnya sang raja menjemput skin champion mereka ğŸ‰,True
225,@netizentpintar2869,2024-09-16T09:46:10Z,0,SANZ MENANG RECALL RECALL KALAH FERWEEL,True
226,@qaqiquscuad9987,2024-09-16T09:16:44Z,0,"Ingat kata kiboy,,ga ada alasan klo kalah..dengan PD nya krna kairi main..dipikir rrq lemah kalii wkwkwk",True
227,@fauziragil3874,2024-09-16T08:50:56Z,0,"dulu onic kuat saat expi line nya buts, klu skrg sulit.. agak lain maenya.",True
228,@NurulLatifah-j2s,2024-09-16T08:30:42Z,0,Cok kalo sama sama jago enak di lihatnya,True
229,@alexganteng1334,2024-09-16T07:42:48Z,0,Kiboy mesti lagi nagis,True
230,@RizalRamadhan-n3o,2024-09-16T07:09:08Z,0,Maniac Kairi Ke tutup sama permainan indah Ling Sutsujin,True
231,@eichanel3526,2024-09-16T06:32:13Z,0,Ga ada buts onic prformanya mnurun,True
232,@imamjkm,2024-09-16T05:49:31Z,1,Lutpi kemana,True
233,@NikenOktavia-j8r,2024-09-16T05:46:00Z,0,degdengannğŸ˜Š,True
234,@ozom0643,2024-09-16T05:39:45Z,0,tengil juga yhh ling nya,True
235,@ebiebie3338,2024-09-16T04:41:46Z,1,RRQ NIHH DEKK ğŸ”¥,True
236,@IchsanJs12,2024-09-16T04:11:35Z,0,"SINGKAT, PADAT, GELOOO . Match tergila di season ini, thank untuk kedua team yg sudah memberika match tergila untuk kita, 25 menit full di buat merinding terus ğŸ¥¶ğŸ¥¶ğŸ¥¶",True
237,@AminAl-t9p,2024-09-16T03:38:07Z,0,Drafick rusak onic,True
238,@Nabiyaali-96,2024-09-16T03:32:49Z,0,KIBOYY NANGISSS,True
239,@MuhammadRizky-rr3fc,2024-09-16T03:18:14Z,0,Kemarin ada yang alasan Fnoc kalah karna yang main albert bukan kairi sekarang kairi main ttp aja kalah ğŸ˜‚ğŸ˜‚kocak badut ttp aja badut,True
240,@evoytelienksier,2024-09-16T03:10:51Z,0,Game play gokil menurut gw...!!,True
241,@Dafa_rblx,2024-09-16T01:58:16Z,0,Maniac menit brp,True
242,@bapaknyailham819,2024-09-16T01:18:15Z,0,- exp gk sih onic,True
243,@NDYKEL,2024-09-16T01:08:07Z,0,Gila coy ğŸ˜‚ğŸ˜‚ğŸ˜‚ğŸ˜®ğŸ˜®ğŸ˜®,True
244,@muhamad_anggara15,2024-09-16T00:37:32Z,22,sutsujin di team yg tepat ganas bgt coy gokil ğŸ”¥ğŸ™ŒğŸ‘,True
245,@bwx_musicproject,2024-09-15T22:32:45Z,0,"Manpus lu,
Diem kan mulutlu",True
246,@kemasrahmatm,2024-09-15T20:42:33Z,0,Tumben kda nya kayak main di rank,True
247,@commanderofdeadwood8933,2024-09-15T20:20:03Z,0,22:02 : Nguaworr Cik SanzğŸ¥¶ğŸ¥¶ğŸ¥¶ğŸ¥¶,True
248,@kokorobet19,2024-09-15T19:03:16Z,0,"Seru bangett gilaaaa ğŸ”¥ğŸ”¥ğŸ”¥ 
Titip M series ke onic/rrq ğŸ”¥ NO EVOS,no troll m series",True
249,@indraalfamartindomart8562,2024-09-15T18:55:56Z,0,"4 kata lucu ""Diatas langit ada onic""",True
250,@rivaldg238,2024-09-15T18:24:00Z,0,WOKWOKWOKWOK,True
251,@hakimulahkam6513,2024-09-15T17:57:50Z,1,Gw suka kalo rrq menang tapi ga banyak gaya,True
252,@andripurnawan5478,2024-09-15T17:29:57Z,1,Sanz masih gtu aja ğŸ˜Œ masih blm respect sama player player baruğŸ˜‘ğŸ˜‘ğŸ˜‘,True
253,@MuhammadAlmizan-f6y,2024-09-15T17:01:00Z,0,Koo dii combek sii,True
254,@caayaummil,2024-09-15T14:00:54Z,7,Gila masuk sutsujin langsung rombak tim dan hasilnya langsung keliatan wkwkwkw,True
255,@Palestina-n2s,2024-09-15T13:44:00Z,0,20:52 gilee gile sutsujinnn,True
256,@antimx1649,2024-09-15T13:14:33Z,0,mana katanya mau balas dendam ğŸ˜‚,True
257,@fiankajane,2024-09-15T13:07:03Z,0,gils sutsujin,True
258,@DarulAnwar-q3q,2024-09-15T12:44:53Z,0,Sutsuzin mengkeren ....apalagi pas tdi momen sekarat skil nya luar biasa,True
259,@robbyraw791,2024-09-15T12:37:21Z,0,Kairi esport wkwkwk,True
260,@robbyraw791,2024-09-15T12:33:52Z,0,Cw cawet wkkkw gnti cw gnti cw,True
261,@AkongAlif,2024-09-15T12:16:35Z,0,Onic sekarang pokus war dankill bukan untuk victory,True
262,@NagaswaraHago,2024-09-15T12:13:31Z,0,"Rezzz gaguna sumpah last moment yg benerÂ² maksa, gua pantau ini anak cuman jadi tumbal buta di FNOCğŸ˜‚",True
263,@asuyuti-pi7fh,2024-09-15T12:07:23Z,4,Sutsujin emang ngeri... di RRQ bukan cuma Skylar yg jago tapi rataÂ² team RRQ jago ğŸ‘ŒğŸ»,True
264,@aldenarf1221,2024-09-15T11:58:07Z,0,Keren banget asli.. apa lagi yang menang king RRQğŸ˜œ,True
265,@Kimmoura69,2024-09-15T11:56:36Z,0,jagoan gatot gua wkwk,True
266,@sandorafrijal9040,2024-09-15T11:50:18Z,0,Gilakk sutsujin,True
267,@DeaTH-u5i,2024-09-15T11:36:56Z,0,"ğŸ˜‚ğŸ˜‚ğŸ˜‚ , gk mau lngsung end pas dh ngambil 3 4 org ğŸ˜‚",True
268,@ridhoafalak7096,2024-09-15T11:35:51Z,0,rrq itu apa,True
269,@useppamumgkas8139,2024-09-15T11:33:35Z,0,Xp onic beban su,True
270,@ArmanArman-y2g,2024-09-15T11:27:20Z,0,Rrq tanpa adnya Albert lemah,True
271,@DerryRaja-666,2024-09-15T11:21:12Z,0,Ekspektasi mau ngalahin tapi malah dikalahin hha boy boy ğŸ˜‚,True
272,@ndahkawaii,2024-09-15T11:20:37Z,0,"5 kata lucu 
""setakut itukah sama fanny kairi""ğŸ—¿",True
273,@GizranIslama-v6l,2024-09-15T11:09:57Z,0,kalian nyadar gak ada suara kentut pas waktu kil sanz mau end,True
274,@nenkiyanx706,2024-09-15T11:09:14Z,0,Ujin apa sihh ihhhh .. rrq kalian warbyazahhh,True
275,@santriamatir3078,2024-09-15T11:08:54Z,0,CW makin kya darksystemğŸ˜‚,True
276,@RiswanBoy-o3k,2024-09-15T11:08:08Z,0,Sutsujin keren banget,True
277,@Ardiasa45,2024-09-15T11:03:03Z,0,"Semoga bigetron dan rrq masuk final,biar bisa lihat di m series bosen lihat onic di m series",True
278,@tawonndasgaming5078,2024-09-15T10:57:47Z,0,gg,True
279,@amrinsavana7132,2024-09-15T10:56:38Z,0,Gilaaa game play sutsujin kelas bangetğŸ˜ğŸ‘ğŸ»ğŸ‘ğŸ»ğŸ‘ğŸ»ğŸ”¥ğŸ”¥ğŸ”¥,True
280,@ujangaceng8927,2024-09-15T10:51:30Z,0,"Sans blunder, udah tau sisa dia doang, malah terlalu maju, bukanya deff di base aj",True
281,@bayutristanto5005,2024-09-15T10:44:37Z,1,Masih ada satu alasan yaitu gaada buts ang ang ang ang,True
282,@jihanawaw1896,2024-09-15T10:29:24Z,0,Kalah skill habis cerita,True
283,@comfortproduction,2024-09-15T10:27:02Z,0,Ez,True
284,@RamdanSyahfari,2024-09-15T10:25:42Z,0,Menyala rrq sekarang,True
285,@DioTzy.,2024-09-15T09:59:23Z,0,Rrq 1 vs Fnoc 0ğŸ¤˜ğŸ˜›ğŸ¤˜,True
286,@adityakrisnadi839,2024-09-15T09:53:25Z,0,di obok2 sama skylar,True
287,@markisa5776,2024-09-15T09:51:02Z,0,Set jam main untuk kalahğŸ˜‚,True
288,@mustofa7205,2024-09-15T09:50:46Z,0,Skylar kayak pakito,True
289,@MOESLEM-z4l,2024-09-15T09:30:44Z,0,Berkat adanya sutsujin rrq bangkit dari keterpurukan,True
290,@teukuhafiz5736,2024-09-15T09:26:03Z,0,"Kairi masa mu sudah habis, ini sudah waktunya sutsujin",True
291,@abaykurniawan371,2024-09-15T09:15:09Z,0,fans onic langsung alibi. maklum gak ada butts. hahaha,True
292,@teukuhafiz5736,2024-09-15T09:14:40Z,0,Mahal skylar,True
293,@SyahrulLaiman-bf2ff,2024-09-15T09:08:18Z,0,sutsujin jungler 9k gila bngt game play ny,True
294,@Yelannnn_mywife,2024-09-15T09:04:51Z,0,16:37 war el tampan,True
295,@Yelannnn_mywife,2024-09-15T08:59:35Z,0,Match terbaik di mpl saat ini ğŸ”¥,True
296,@deryllsabara5180,2024-09-15T08:56:20Z,0,ling sujin sih ngeri gesitnyağŸ˜‚,True
297,@Abidin-v3o,2024-09-15T08:55:40Z,0,Boots  durian keluar langsung berbeda lagi... Bentar lagi jadi adi out wkwkw,True
298,@dianpakao8189,2024-09-15T08:46:20Z,1,Gua yakin di Indonesia fans paling banyak tetap RRQ mau di bawah klasemen mau di atas klasemen tetap paling banyak fans nya RRQ dari semua team .,True
299,@abaykurniawan371,2024-09-15T08:43:52Z,0,evos mana nih. hihi,True
300,@aksanansatsu7799,2024-09-15T08:37:10Z,0,"RRQ season ini ngeri bgt, mudah""an ttp improve dan bsa mempertahankan di season"" mendatang. #viva_RRQ",True
301,@Kaylanadifa-fm9zm,2024-09-15T08:31:46Z,0,Mogah onic memilih Arif buat hypernya hehehe,True
302,@Kaylanadifa-fm9zm,2024-09-15T08:31:10Z,0,Alberttt kecilku gooo,True
303,@dhellamaya8289,2024-09-15T08:18:00Z,0,Epic moment nya yang sisa jungle doang ğŸ˜­ğŸ¥¹,True
304,@dhellamaya8289,2024-09-15T08:08:56Z,0,Satu satunya match yang gue ulang terus.,True
305,@sriatika6397,2024-09-15T08:06:27Z,0,"game pertama yg sangat"" berkelas ğŸ‘ğŸ»",True
306,@xpdky,2024-09-15T07:49:26Z,0,dyrenn gw liat2 kenapa hemattttt bgt ultinya yah? bahkan baru pakai pas nyawanya setipis tisue,True
307,@ricoasakura1728,2024-09-15T07:46:45Z,0,Wow â¤,True
308,@xpdky,2024-09-15T07:43:12Z,0,GILAAAAA BEST MATCH SEASON INI!,True
309,@INTEXE.12GAMES,2024-09-15T07:41:08Z,0,"ğŸ”¥ğŸ”¥ğŸ”¥ K I N G D O M
GO GO GO M6",True
310,@Younggenerationhiphop,2024-09-15T07:34:36Z,0,GILAAAAA,True
311,@nurulafida7500,2024-09-15T07:21:55Z,0,Gila sih tarik ulurnya RRQ pas war selalu bikin moment sedangkan kalo udah mode ganyang selalu menang war terus. GG RRQ,True
312,@EddySilvi,2024-09-15T07:21:06Z,0,Kairi panikan klok war di lort,True
313,@AdiSaputra-x3c,2024-09-15T07:18:33Z,0,"game setingan..... Lord nya di atas trs, menguntungkan rrq",True
314,@dendennasruloh5251,2024-09-15T07:17:59Z,0,CW BEBAN,True
315,@restuakbar1507,2024-09-15T07:13:42Z,0,Gila licin banget ling nya sutsujinğŸ˜®,True
316,@gogonmrbeanindonesia3835,2024-09-15T07:06:55Z,1,Bengi ws delok live e.. Iki putar lg mpl indonesia ne(rrq menang og kwwk) gasss teruss,True
317,@nurulafida7500,2024-09-15T07:06:25Z,0,Kairi Dikasih tutor sutsujin maen roger objektif bukan cuma mukilğŸ˜‚,True
318,@fhxMagic,2024-09-15T07:06:15Z,1,Rezz mau jadi pahlawan makannya maju dulu ğŸ˜‚,True
319,@Uuuyazid,2024-09-15T07:03:16Z,0,GILA PAK PULUNG NAFAS GAK HABIS2 16:43 ğŸ˜‚â¤â¤ 21:58  SUTSUJIN KENPE GAK RETRI YAğŸ˜… APA DIA TEGANG,True
320,@ffandya959,2024-09-15T06:55:26Z,0,"Skylar, and others : Lo ngamuk? Gue ladenin. Lu nge gas ? Gue ladenin",True
321,@GaleriFotoOnline,2024-09-15T06:46:27Z,0,Sutsujin ganas bgt dinrrq,True
322,@ZeizenFzxu,2024-09-15T06:44:52Z,0,GG RRQ,True
323,@khirinpamungkas2175,2024-09-15T06:43:45Z,0,Tren positif RRQ berlanjutğŸ˜®,True
324,@varelfadilah5319,2024-09-15T06:40:17Z,0,Jir lagi nyari vid cewek murah,True
325,@pujiyasa6984,2024-09-15T06:33:12Z,0,16:37 gilaaaaaa,True
326,@Bless-bu2ts,2024-09-15T06:32:43Z,0,Lutfi aja lg jgn Rezz,True
327,@marnamaulana5638,2024-09-15T06:32:25Z,0,Banyakin recalâ€ aja bangğŸ«¢,True
328,@Bless-bu2ts,2024-09-15T06:32:24Z,0,Ada apa dgn ONIC.  ?,True
329,@muhammadsultan7651,2024-09-15T06:24:40Z,1,"ultras seblak pada kemana ini, noh kairi udah maenğŸ˜‚",True
330,@mochammadazril1039,2024-09-15T06:21:39Z,0,Kata kiboy kalo kalah gak ada alasan,True
331,@adigameandfriend5443,2024-09-15T06:20:40Z,0,Onic knp gak bisa end game? Pdhl sdh dpt lord berkali2 ğŸ˜¢,True
332,@takanomemihawk2102,2024-09-15T06:20:20Z,1,Gila sutsujin hariÂ² improve terus,True
333,@chuhuonggbLBG,2024-09-15T06:17:48Z,0,âš¡Jangan Lupa Manpirê§‚GA RU DA HO KI,True
334,@phanquiAuc,2024-09-15T06:17:19Z,0,âš¡Jangan Lupa Manpirê§‚GA RU DA HO KI,True
335,@takanomemihawk2102,2024-09-15T06:17:15Z,0,Game paling seru season 14,True
336,@LÆ°Æ¡ngThÃ¡iKim,2024-09-15T06:17:09Z,410,âš¡GA RU DA HO KIê§‚Berbagi50K,True
337,@quachlandLFE5,2024-09-15T06:17:03Z,0,âš¡GA RU DA HO KIê§‚Member baru pasti_jepe,True
338,@LoanÄá»“ngEslinger,2024-09-15T06:17:02Z,0,âš¡GA RU DA HO KIê§‚TidakGacor_Modal_Kembali,True
339,@RandellThuyVan,2024-09-15T06:17:02Z,0,âš¡GA RU DA HO KIê§‚Berbagi50K,True
340,@HuynhDoanThanhh,2024-09-15T06:17:01Z,0,âš¡GA RU DA HO KIê§‚Member baru pasti_jepe,True
341,@FerildaAmaira,2024-09-15T06:16:58Z,0,Kelihatan banget cw kalah mekanik jauh dr Skylar. Jd ngandelik kairi doang. Klo rrq ada pelapis nya Skylar sumber damage nya,True
342,@DÆ°Æ¡ngSÄ©TÃ¡,2024-09-15T06:16:57Z,0,âš¡GA RU DA HO KIê§‚TidakGacor_Modal_Kembali,True
343,@hackinggg7489,2024-09-15T06:08:44Z,0,.,True
344,@harapaninok4793,2024-09-15T06:08:25Z,0,kok jadi ngefans sama sutsujin njerr wibu parah lingnya,True
345,@alfanfathurrosi8899,2024-09-15T06:05:29Z,0,"rrq raja dari segala raja, onic raja dari langit ğŸ˜… ga ada kosakata lain apa ya wkwk",True
346,@KimTaemi-md2hn,2024-09-15T06:04:37Z,0,Mantap jungler keluaran KGE ni boss,True
347,@Santaibro17,2024-09-15T05:58:48Z,1,Match paling seru sejauh iniğŸ”¥ğŸ”¥ğŸ”¥,True
348,@jalananku,2024-09-15T05:57:53Z,0,"Lucu umat king badut ğŸ˜‚ nyuruh tim tetap kalem trus para fans fanatik pada ngehujat tim2 lain, kan sdm rendah",True
349,@babyshark_27,2024-09-15T05:56:49Z,0,Klo di liat2 si rezz ank baru gayanya udh tengil ya recal2 mulu pdahl maennya tolol,True
350,@aseprifaiyah8044,2024-09-15T05:48:14Z,0,REZZZZ YG RECALIN SUTSUZIN BEBANNN COOOOOOOOO,True
351,@TKYGGBANG,2024-09-15T05:47:53Z,0,Masuk trending cuy,True
352,@ffandya959,2024-09-15T05:47:31Z,0,mamamğŸ˜‚,True
353,@adeliagyra2253,2024-09-15T05:42:59Z,2,selalu di buat amaze sm move nya sutsujin,True
354,@danilwandira7567,2024-09-15T05:38:05Z,0,16:41 ngeri war nya,True
355,@DoniConot,2024-09-15T05:36:38Z,0,Sutsujin maen banget d game ini,True
356,@mrifkyEmeraldi,2024-09-15T05:34:57Z,0,Salut mental rinz .. siapapun lawanya dia PD,True
357,@Denmas12,2024-09-15T05:32:47Z,0,Bagus lah onic kalah biar rosternya pada nyadar ga ngerasa yg paling hebat,True
358,@yusufali5266,2024-09-15T05:32:41Z,0,bang lerğŸ”¥ğŸ”¥ğŸ”¥,True
359,@arjunapangestu6031,2024-09-15T05:22:03Z,0,Tuh udah kebukti kan siapa mm terbaik di indo antara skylar sama cw ygy ğŸ˜‚ğŸ˜‚,True
360,@syahriramadhan533,2024-09-15T05:21:45Z,0,Onic tanpa buts bisa apa,True
361,@KINGAHMAD-l7l,2024-09-15T05:20:51Z,0,BUAT EVOS LEBIH STRONG LAGI DEH YA.... OIYA AGE TENDANG AJA GANTI YG LAIN... AGE SUMBER KEHANCURAN EVOS,True
362,@KINGAHMAD-l7l,2024-09-15T05:17:05Z,0,Wkwk muka sanz ancur ğŸ˜‚ kaya onic ancur ktmu rrq,True
363,@galihvanjavarudyadityan,2024-09-15T05:16:51Z,0,sanz kurang lama sih live streamingnya,True
364,@Ipd_Unknown,2024-09-15T05:13:25Z,0,"No debat ""gak ada RRQ gak rame"" ğŸ˜‚",True
365,@MFaiz_,2024-09-15T05:09:04Z,1,MFaiz,True
366,@EdySonn-d9g,2024-09-15T05:07:58Z,0,Skylar dan hyper jago banget,True
367,@aqshalfidie2529,2024-09-15T05:07:24Z,0,Besttt,True
368,@Candrawan-e4l,2024-09-15T05:06:22Z,0,RRG semangat terus Mainya â¤â¤â¤,True
369,@ganasSH17,2024-09-15T05:05:26Z,0,KiBOTğŸ¤ª,True
370,@AnisaFadila-c3l,2024-09-15T05:02:29Z,0,Pertandingan yg paling ngeri gila cuma war rrq vs onic leg 2 gila bkin mrinding co,True
371,@fajrifajri7183,2024-09-15T04:59:06Z,3,sekarang udah gak ada alasan lagi buat fans fanatic onic karena kairi udah mainğŸ˜‚ğŸ˜‚,True
372,@Egin_Kenarok,2024-09-15T04:55:49Z,0,Teraharu panuta gw jago guiniiii,True
373,@murniati3227,2024-09-15T04:54:31Z,0,Maniac elit menang sulit,True
374,@murniati3227,2024-09-15T04:54:01Z,0,Katanya balas dendam,True
375,@Mbah_nunuk,2024-09-15T04:51:47Z,5,36:49 build dan emblem ling sutsujin,True
376,@anfafauzi7749,2024-09-15T04:51:00Z,0,kelasss top match mpl skarang sih ini,True
377,@BeatKarbu-hi9sd,2024-09-15T04:49:10Z,0,yang dimainin para player itu apaan sih?,True
378,@egikharismaputra9189,2024-09-15T04:44:21Z,0,Respect 2 tim the best,True
379,@komengkomeng7627,2024-09-15T04:43:25Z,0,Inalilahi wainailaihi rojiun...kami turut berdukacita atas meninggalnya onic kiboy & onic sanz...beliau meninggal karena frustasi..waktu shubuh Jam 5 beliau minum racun tikusğŸ˜ŠğŸ˜Šlihat selengkapnya..,True
380,@maseko5696,2024-09-15T04:42:57Z,0,SANZ MONYED T0L0L,True
381,@yann1520,2024-09-15T04:39:35Z,0,anjeng walaupun telat tapi gilaa cyyy seruu banget ngem,True
382,@AnisaFadila-c3l,2024-09-15T04:37:06Z,0,Fns epos bilang kmren krna gk ada kairi leg 2 di kasih kairi ttpe mkan telor wkwkw mau alsan apa lagi,True
383,@K.I.N.N.G760,2024-09-15T04:29:11Z,0,Mana Suaranya yg milih RRQ,True
384,@mrfunnys4402,2024-09-15T04:28:16Z,0,"game 1 d ajarin cara bertahan 
game 2 d ajarin cara menyerang",True
385,@mrfunnys4402,2024-09-15T04:28:01Z,0,"game 1 d ajarin cara bertahan 
game 2 d ajarin cara menyerang",True
386,@serlina3169,2024-09-15T04:23:39Z,0,"GILAAAAAA  game apaan ini seru banget, huuuuu kelazzzzz",True
387,@candrawahyudi3522,2024-09-15T04:22:39Z,0,Humorku sebatas 1 lagi 2024 by prof. KB ğŸ˜‚ğŸ˜‚ğŸ˜‚,True
388,@beardeddog8215,2024-09-15T04:21:38Z,0,15:07 gg ğŸ˜‚ğŸ˜‚ğŸ˜‚ğŸ˜‚,True
389,@medicaltoday1258,2024-09-15T04:19:51Z,0,Bang dyreeenn,True
390,@andirahmat6161,2024-09-15T04:08:24Z,0,Gak bisa move on dari game ini. Epic comeback,True
391,@bingungmaungapain955,2024-09-15T04:03:42Z,0,"Gatotnya kurang fungsi sih di draft ini, nt onic",True
392,@otoonno8802,2024-09-15T04:03:31Z,1,The king sutsujin,True
393,@hidupadalahperjuangan3453,2024-09-15T03:59:38Z,2,Gila.. Serunya kayak final.. Gg Onic Gg RRQ,True
394,@AsepUchiha-p2w,2024-09-15T03:57:56Z,0,"-mid ngkk sihh wkwkw 
Rrq abooyyngkk siih",True
395,@peyokvlog,2024-09-15T03:54:57Z,0,"Onic kalah krn kairi yg main, coba kalo albert yg maen ya kalah jg ğŸ˜‚ğŸ˜‚",True
396,@rokhimmuhammad9842,2024-09-15T03:54:11Z,0,"cw make Hero mage di gold kureng cuyy, liat aja di M series malah dia yang ngebebanin timğŸ˜‚",True
397,@AsepUchiha-p2w,2024-09-15T03:52:21Z,0,"Ini yang di tunggu """,True
398,@MuhammadApril-m6u,2024-09-15T03:52:00Z,0,Itu renz sama idok pasti menang coklat wkwkwkwkkw,True
399,@AsepUchiha-p2w,2024-09-15T03:50:46Z,0,"Mengulang masa"" primenya  rrq dan onic",True
400,@AnugrahRamadhan-y5n,2024-09-15T03:49:41Z,0,ah lebay nian caro ngomong kb,True
401,@Rrq_livyy,2024-09-15T03:46:41Z,0,menyala rrq ğŸ¤ğŸ”¥,True
402,@twentyeight28282,2024-09-15T03:44:21Z,0,Skylar->CW,True
403,@Dfinaxy,2024-09-15T03:40:03Z,0,game terseru yang pernah saya lihat,True
404,@miracle13441,2024-09-15T03:38:29Z,0,masih bingung sama yg bilang CW gold Lane jago.,True
405,@cakrawoks2158,2024-09-15T03:38:27Z,0,RRQ kingdom said : Kami tak butuh Albert lagi,True
406,@usikusikasik2704,2024-09-15T03:38:09Z,1,"Jangan pernah lupa kata kiboy ""kalau kalah gak ada alasan ! "" ğŸ‰ğŸ‰ğŸ˜‚ğŸ˜‚ğŸ˜‚",True
407,@rachanel1052,2024-09-15T03:36:27Z,0,Kairi sekarang ga ada apa apanya fix sesion depan ga ada dia di indo,True
408,@addedtime90,2024-09-15T03:35:50Z,0,Era PH sudah berakhir,True
409,@flka9856,2024-09-15T03:30:31Z,0,"di game 1 ini onic lepas ling karena mereka liat ling ujin di game sebelumnya rada oleng, tapi tanpa mereka sadari di live skylar sutsujin spam ling wkwk",True
410,@MisterAbon,2024-09-15T03:28:03Z,0,20:41 anjayyy,True
411,@KALAHMURTAD,2024-09-15T03:26:29Z,0,"awowaoawok udah ada kairi tetep kalah , kairi esport seblak",True
412,@luculucu5566,2024-09-15T03:26:15Z,0,Mainkan albert kamiğŸ˜‚ğŸ˜‚ğŸ˜‚,True
413,@andikasinatra6494,2024-09-15T03:24:27Z,0,terbukti sama aja ada kairi sma gaada kairiğŸ—¿,True
414,@steamgaming543,2024-09-15T03:23:16Z,0,kelazzzz,True
415,@syawalmatondang8670,2024-09-15T03:20:45Z,0,Bilang sama khairi belajar dlu lebih giat biar bisa counter KING SKAYLAR ğŸ˜‚ğŸ˜‚,True
416,@wadukslotters6710,2024-09-15T03:20:21Z,0,Hidup Evos ğŸ˜‚,True
417,@MaskCoolinn,2024-09-15T03:18:59Z,0,Mana kairi mana jn sombong dulu lu,True
418,@Telur7,2024-09-15T03:17:06Z,0,20:51 edyaaan!!! ğŸ¤¯,True
419,@DevitaH-i4h,2024-09-15T03:16:44Z,0,Onic ada kairi aja masih kalah,True
420,@IrmanAlmunawar,2024-09-15T03:14:20Z,0,Onic sekelas geex fam,True
421,@onlyyii,2024-09-15T03:12:10Z,0,gila smsudin,True
422,@CahyoWidaya-r9n,2024-09-15T03:11:48Z,0,Gua leleu dukung rrq onik kairi belunder mampus onekk,True
423,@yuheftobemadwb9645,2024-09-15T03:09:50Z,0,kek nonton bola,True
424,@lukmanhakiem761,2024-09-15T03:09:41Z,0,Skaylar no counter wkwk,True
425,@Yusuffuuu,2024-09-15T03:05:24Z,1,"Rrq vs onic jauh lebih seru daripada rrq vs evos.
Pdhal RRQ&EVOS itu rival (katanya)",True
426,@mugiwaranoluffy5415,2024-09-15T02:59:35Z,0,MERINDING UJINNNNNğŸ”¥ğŸ”¥ğŸ”¥ğŸ”¥ğŸ”¥ğŸ”¥,True
427,@mine5479,2024-09-15T02:59:06Z,0,"Mrk yg main, gw yg dek2an bjir",True
428,@SamsulHadi-eq2qe,2024-09-15T02:55:46Z,0,Sonic kiboy mana nih alesan nya udah disiepin gakğŸ¤£ğŸ¤£ğŸ¤£ğŸ¤£,True
429,@MochaliAli-xx9hl,2024-09-15T02:53:13Z,0,Mana. Nihh yang kemarin ngomong kalo ada kairi pasti menang.....ğŸ¤£ğŸ¤£ğŸ¤£ğŸ¤£,True
430,@bibsyfii,2024-09-15T02:50:40Z,0,Udah ga era onic lgi,True
431,@AhmadYani-tl8qp,2024-09-15T02:48:33Z,3,Licin bangett Sutsujin ğŸ˜­,True
432,@AlbinGen,2024-09-15T02:45:20Z,0,Hehe kairi ini leg 2 .leg brapa lagi. Tunggu Albert lagi bls hehe,True
433,@krisnasaputraa,2024-09-15T02:45:11Z,0,absolute cinema ğŸ–ï¸ğŸ™‚ğŸ¤š,True
434,@rezaduluki8594,2024-09-15T02:35:45Z,0,match yang sangatt menyalaaağŸ”¥ğŸ”¥ğŸ”¥,True
435,@ranggahaise-115cc3,2024-09-15T02:35:26Z,0,"Sutsujjn make baju biru ke masih di tetangga sebalah ğŸ˜…, kelas anjir sutsujin",True
436,@ZainalArifin-en9qu,2024-09-15T02:31:20Z,0,gg,True
437,@malamsamsung3817,2024-09-15T02:31:11Z,1,Mana nih yang katanya mau balas dendam?,True
438,@HafidzanAbimanyu,2024-09-15T02:30:46Z,0,Game ter gelo season ini,True
439,@aprillaalvi5562,2024-09-15T02:29:23Z,0,"Biar kalo kita kalahin,  ga ada alasanğŸ˜¢ğŸ˜¢",True
440,@aryabudimulu9879,2024-09-15T02:24:26Z,0,SEBLAK MAU ALASAN APALAGI?,True
441,@WilldanFebriano,2024-09-15T02:21:34Z,0,Ingat ya penyefong kairul yg kemaren nyalahin albert doang..skrang 2-0 lagi wkwk...,True
442,@rendinavis1142,2024-09-15T02:19:15Z,0,The real raja masak landak,True
443,@mistermocelfishing,2024-09-15T02:19:09Z,0,GAME 1 NYA NGERI UII... DAH KAYA FINAL. PAS GAME 2 ğŸ˜…ğŸ˜…,True
444,@cipit10,2024-09-15T02:12:18Z,0,Kairul : tnggu aja lag 2,True
445,@agamfebriyanu2070,2024-09-15T02:12:05Z,0,"siapapun yang menang, mereka tetep juara dgn kasih gameplay indah",True
446,@DiditPrasetyo-pk9or,2024-09-15T02:07:58Z,0,Apotek tutup.. Gak ada obatğŸ˜…,True
447,@fieofficial3396,2024-09-15T02:03:41Z,0,"Seru bgt sih beda onic vcs rrq sama"" jago",True
448,@nanoaji210,2024-09-15T02:02:29Z,0,Sanzzz kebanyakan mabar berbayar ğŸ¤£ğŸ¤£ğŸ¤£ğŸ¤£,True
449,@heysob9534,2024-09-15T02:02:16Z,0,"season ini kayak nya punya RRQ sihh.
salam dari Evos fams",True
450,@MuhammadSeptian-tg9vc,2024-09-15T02:01:42Z,1,Titik terendah player pake ulti buat kabur:v,True
451,@deniiswan6972,2024-09-15T01:59:03Z,0,Rezz beban banget malah recalÂ² kbnyakan gaya wkwk,True
452,@defhanvr6915,2024-09-15T01:58:02Z,0,Maniac dari tim yang kalahğŸ˜…ğŸ˜…,True
453,@musikpopuler6430,2024-09-15T01:57:54Z,0,sanz sih season skrg kurang PD,True
454,@reyvan1081,2024-09-15T01:55:58Z,1,tetep dukung onic meski bkn eranya  ğŸ˜Š,True
455,@ilhamismail5619,2024-09-15T01:52:16Z,0,Berasa grandfinal ğŸ—¿,True
456,@DikiDarmawan-n9g,2024-09-15T01:50:23Z,0,Kaya kecewa liat permainan cw..,True
457,@AsepSugirman,2024-09-15T01:48:20Z,0,Chou nya oleng...,True
458,@hookaddict8586,2024-09-15T01:48:03Z,2,chou bowo ini mah fiks,True
459,@terapidepresi6471,2024-09-15T01:47:51Z,0,Gg asli Samsudin nya,True
460,@robimustakim8574,2024-09-15T01:47:24Z,0,sutsuing ğŸ˜‚,True
461,@EkidwisS,2024-09-15T01:46:24Z,0,Onic sekarang kalo lawan rrq dulu pas ada xinn gmna yah mungkin bisa koğŸ˜‚,True
462,@adityadwicahya1176,2024-09-15T01:46:02Z,0,Keren pertarungan berkelas,True
463,@EkidwisS,2024-09-15T01:44:38Z,0,Kelas rrq,True
464,@erizalwibisono8137,2024-09-15T01:43:06Z,0,terpantau beberapa lawakan kiboy ğŸ˜‚,True
465,@pasukan2msby,2024-09-15T01:42:14Z,0,Acil kok gak ada suaranya yaa kalau dihajar rrq wkwk,True
466,@mbahunyil-kk3zi,2024-09-15T01:41:17Z,0,Onic hanya percobaan,True
467,@mustofakamal2192,2024-09-15T01:41:09Z,0,RRQ M6 kah ini?,True
468,@sodiqinsodiqin8321,2024-09-15T01:39:24Z,0,kami emang gak maniac cukup duble kill tapi kami tahu caranya bagaimana menyelesaikan permainan buat menang kelazz,True
469,@RudiRi-pz6ej,2024-09-15T01:39:18Z,0,Sumpah baru kaki ini mpl bikin gua wow,True
470,@cumengcumeng-t7l,2024-09-15T01:39:11Z,0,gw yakin abis ini rezz ga bakal di maenin wkwk.. pas pake cow gaje mikro makronya msh gatau jobdesk fliker beberpa kali kebuang cuma buat kabur hhh,True
471,@putra_official9239,2024-09-15T01:38:35Z,0,SUTSUJIN MEMBUKTIKAN KUALITAS NYA BROK ğŸ˜Š,True
472,@dandineon490,2024-09-15T01:32:08Z,0,mahal,True
473,@captainbunny4861,2024-09-15T01:31:06Z,0,"padahal onic dah menang early loh, tapi apa daya yang dilawan itu RRQ",True
474,@rasOrLLbz,2024-09-15T01:31:03Z,0,Ini RRQ yg paten barbar....,True
475,@Royadwinata,2024-09-15T01:30:29Z,0,Onic udh abis masanya de,True
476,@muhammadhaerulnajibh.2965,2024-09-15T01:28:49Z,0,Ketinggalan aqu bg gara-gara tertidur jd tidak smpat lihat Onic main bg,True
477,@dmnyou5776,2024-09-15T01:27:30Z,3,Albert full senyum ğŸ˜‚ğŸ˜‚,True
478,@JefriMpw-om4qo,2024-09-15T01:25:16Z,0,Lagi nungguin yg blg CW lebih baik dari skaylarr wkwk,True
479,@dickyputraa1631,2024-09-15T01:22:40Z,0,Aww gg RRQğŸ˜ğŸ§¡,True
480,@Wilson-oi3zh,2024-09-15T01:21:25Z,0,Sutsujin padahal telat beli rose gold,True
481,@af_6671,2024-09-15T01:21:19Z,0,Kairi pengen savage kayak sutsujin,True
482,@DanjoSekai-cw6vn,2024-09-15T01:20:17Z,0,nice rrq,True
483,@reangg9703,2024-09-15T01:17:26Z,0,Era kairi is over. Keciduk mulu di lord sm ke shutdown di momen penting. Terlalu ofside kairi. Skrg harusnya fokus ke albert yang onfire.,True
484,@chikozulqo4790,2024-09-15T01:17:04Z,0,Tutor roger ada di sutsujin ya mas kairi  ğŸ˜‚ğŸ˜‚,True
485,@widia.s1239,2024-09-15T01:15:48Z,0,Harrit skylar GG parahhğŸ”¥ğŸ”¥,True
486,@twizzy5669,2024-09-15T01:15:43Z,0,skylar itu emang jago.soalnya 4 individunya gendong2 tadi dia lebih gendong lg.beda dgn cw wkwk ya wajar kalo dia best gold mpl id,True
487,@AmyNur-j1x,2024-09-15T01:13:37Z,0,Ini yang main Albert apa kairi ? Ga ngaruh tuhhhğŸ”¥ğŸ”¥ğŸ”¥,True
488,@indragunawan4603,2024-09-15T01:10:35Z,0,"Ini baru match MPL. Keren abis 2 tim ini

RRQ win
GG ONIC. 
RespectğŸ¤˜",True
489,@natasukma4501,2024-09-15T01:08:36Z,0,"sutsujinÂ², sedang kan pandangan gw selalu lihat Skylar:""",True
490,@dickyachmadsetiawan7652,2024-09-15T01:08:29Z,0,Match paling seru paling jual beli serangan sepanjang sejarah MPL ID,True
491,@faishalhanin353,2024-09-15T01:07:07Z,0,"Sutsujin habis game: ""gilak pegel banget main ling lompatÂ² swgitu lama""",True
492,@mumu4420,2024-09-15T01:02:43Z,0,Onic mines exp,True
493,@fahrihendrianahermawan4193,2024-09-15T01:01:04Z,0,merinding Permainan SutsujinğŸ”¥,True
494,@AlbinGen,2024-09-15T01:00:32Z,0,Rrq sang raja sesungguh nya,True
495,@AgusSetiawan-ty8ll,2024-09-15T00:59:17Z,0,kairi bisa escape kaya sutsujin gak? 20:51,True
496,@denikurniawan6733,2024-09-15T00:59:11Z,0,Rezz beban banget ngetrol,True
497,@gigagiskia9923,2024-09-15T00:51:58Z,0,wesss montage cho REZZZZ,True
498,@fajaralcantara3353,2024-09-15T00:51:11Z,0,"Power ruby idok ngeri sih moment akhir kairul smpe gk bisa retri lord karna ke tarik lalu d putarğŸ¤£lord d ambil dyren, jdi retrinya ke hero karna ter delay ruby",True
499,@sandyseptian-oi9gc,2024-09-15T00:50:50Z,0,GG RRQ onic drksistem,True
500,@Zis_sann,2024-09-15T00:47:39Z,0,"Lawak fans onic sorak"" akhir nya kalah ahahahağŸ˜‚",True
501,@muhammadlasran4368,2024-09-15T00:46:31Z,0,"ngeri, 3 lord masih bisa dipatahkan",True
502,@akagaming27,2024-09-15T00:45:37Z,0,"Ampe mrinding gw,,ANAK ALIEN TELAH LAHIR (SUTSUJIN)ğŸ‰",True
503,@RamaFa-e9l,2024-09-15T00:44:23Z,0,RRQ lagi bagus2 x.  Si Botak Skylar dkk lgi di jalur onfire...,True
504,@ikana3574,2024-09-15T00:42:48Z,8,24:26 epic moment sisa jungle dua duanya mantap merinding nontonnya,True
505,@muh.syahrilangmaulana7508,2024-09-15T00:41:20Z,0,Jing keren bnget cook... Serasa nonton semifinal ini mah...,True
506,@ikana3574,2024-09-15T00:39:38Z,0,"26:00 kiboy pdhl msh bisa slmt tp mlh ulti di arah situ, panik keknya jd asal pencet, trus sanz juga ga balik mlh nyerang",True
507,@NuryadiSadega,2024-09-15T00:37:00Z,0,Rezz yakin menang kali ya wkwkwk stiker mulu,True
508,@OBC401,2024-09-15T00:36:48Z,0,15:30 kiboy panik.. mungkin mau ulti kabur ğŸ˜‚ğŸ˜‚ğŸ˜‚ğŸ˜‚,True
509,@ExsalPratama,2024-09-15T00:35:42Z,0,tetep persib sii,True
510,@GusszzDR,2024-09-15T00:35:42Z,0,Gila bngt triakan kingdomğŸ˜­ğŸ˜­ğŸ˜­,True
511,@muhamadalabid1769,2024-09-15T00:28:40Z,0,KIBOY KONTL KATANYA KALAH JGN ALESAN,True
512,@anandaardianpratama2240,2024-09-15T00:18:00Z,2,Ujin ini hobbynya ngasih de javu buat kingdom soal albob kemarin roger savage sekarang ling yang sangat licin good job ujin,True
513,@satriopurnomo5704,2024-09-15T00:12:50Z,0,terimakasih untuk game grand final ini.,True
514,@GreedyDiego-g6i,2024-09-15T00:11:51Z,0,Rinz pelit ulti dan ultinya kgk onpoint mulu,True
515,@qolrashchannel1026,2024-09-15T00:11:45Z,0,Untuk AC pemasangan nya depan dan belakang bang aj jadi di atas pintu masuk aja untuk AC indoor dan AC out doornya di depan pintu masuk seperti semula,True
516,@faishalhanin353,2024-09-15T00:06:13Z,0,Gilak match macam apa ini,True
517,@Sat0580,2024-09-15T00:02:54Z,0,Onic bot gitu mau menang lawak Jan banyak alasanğŸ˜‚ğŸ˜‚ğŸ˜‚ğŸ˜‚,True
518,@unzzz6590,2024-09-15T00:00:43Z,0,Ada apa dengan onicğŸ˜¢ğŸ˜¢,True
519,@JojoMaru-e5u,2024-09-14T23:57:32Z,1,"Match yg paling gila season ini...
Ga ada yang mengecewakan!",True
520,@rotikepet-gv7ld,2024-09-14T23:56:04Z,0,Skylar megang megang rambut tim nyağŸ—¿,True
521,@vivinur3779,2024-09-14T23:55:44Z,0,ganti nama malah kalah mulu wkkwkwk yg cho rank epic kali salah mulu posisinya wkkwkwk,True
522,@T3t4pW4sp4d4,2024-09-14T23:55:24Z,0,Butss esport,True
523,@fanyrastafa2555,2024-09-14T23:52:55Z,0,"Jadi inget kata"" Kiboy kayak ngerasa dah paling jago aja padahal di gendong ph wkwkwkwk",True
524,@kinkwong23,2024-09-14T23:50:39Z,0,mau nonton rrq tp mesti nahan cringe suara pulung,True
525,@FadilAja-cl1yy,2024-09-14T23:49:36Z,0,Menurutku ban ruby idok,True
526,@hawkeye7618,2024-09-14T23:48:18Z,106,20:41  High Micro,True
527,@abdulmanan7179,2024-09-14T23:47:50Z,0,ONIC â¤,True
528,@aghsalzidane8776,2024-09-14T23:43:20Z,0,"""KITA BALAS DI LEG 2""",True
529,@Maruf_Mahudi,2024-09-14T23:42:00Z,0,"Sumpah game keren ini, GG RRQ,  GG kariri dan sutsujin",True
530,@ã™ã‹ã¤-l2k,2024-09-14T23:39:02Z,0,Onic ğŸ¤¡ğŸ¤¡ğŸ¤¡ğŸ¤¡,True
531,@muhammadadang4029,2024-09-14T23:38:41Z,0,Kliatan tanpa buts pilar xp ancur ancuranğŸ˜‚ğŸ˜‚,True
532,@RahmatHidayat-ij7ep,2024-09-14T23:36:57Z,0,War nya seru,True
533,@rikiadi4129,2024-09-14T23:36:19Z,0,Beda dengan evos lol,True
534,@MuhammadAzmy,2024-09-14T23:27:27Z,0,Baru inget Sutsujin jungler 9kğŸ¤£ anjir ternyata bisa jago banget gitu Ling nya. Selama ini kaya biasa aja jadi jungler.,True
535,@motivasi_hidup_islami941,2024-09-14T23:27:03Z,0,berhasil,True
536,@Behekmfs,2024-09-14T23:25:23Z,1,junggler cool + dingin emamg beda,True
537,@BabageSanfgo,2024-09-14T23:23:41Z,0,"Sutsujin bisa gtu njir, kuat bgt mikro makronys",True
538,@Althaf-q3n,2024-09-14T23:20:35Z,0,"Kalian ada yang sadar ga, kalau di game 1 yang dapet lord nya kebanyakan bukan hypernya",True
539,@alfannourussalam4428,2024-09-14T23:20:07Z,0,Sutsujin mateng bgt sih,True
540,@ahmadsulthon5049,2024-09-14T23:19:05Z,0,Kelas kelass,True
541,@ilhamalgipari4072,2024-09-14T23:16:51Z,0,rezz goblok,True
542,@siwo734,2024-09-14T23:15:08Z,0,skylar botak gaada lawan wak,True
543,@Rajawali599,2024-09-14T23:08:34Z,0,Mulut boboboy terbungkam...wkwkwk,True
544,@SitiMariyah-k1z,2024-09-14T23:06:17Z,7,"Kata kata lucu hari ini
MPL Arena adalah taman bermain sans
Giliran kalah gk ad onic kairi
Nah udh ad onic kairi masa klh lgiğŸ˜‚",True
545,@XJAT_the_star,2024-09-14T23:02:29Z,0,Kasian landak kagak dikasih makanğŸ˜‚ğŸ˜‚ğŸ˜‚,True
546,@chitos6030,2024-09-14T22:57:58Z,0,Momen 16 : 40,True
547,@RanggaPratama7,2024-09-14T22:57:57Z,0,"Chounya di match 1 ini udah bagus tp di counter hehe
Better arlot atau ruby",True
548,@LEMONATA06,2024-09-14T22:55:49Z,0,Mau liat reaksi steven gimana ya,True
549,@doellkasep635,2024-09-14T22:55:29Z,0,Gila game play nyağŸ˜³,True
550,@andimulyadi6259,2024-09-14T22:49:24Z,0,Inget kata Gus Samsudin kalo onic di kasih juara lagi bakal boring gak kan rame lagi ini game,True
551,@putrajwn8429,2024-09-14T22:47:56Z,0,20:37  moment Ling sutsujin,True
552,@ruhulhazziratul-p5w,2024-09-14T22:39:03Z,0,Pantesan kiboy gak ada,True
553,@harrymaulidinalfajri3342,2024-09-14T22:36:54Z,0,kali ini gada alasan lagi yhe kairi ga maen match kmren wkwkğŸ—¿,True
554,@barlianoo,2024-09-14T22:36:08Z,0,runtuhnya tahta raja langit wkwk,True
555,@harimau8552,2024-09-14T22:30:43Z,0,ğŸ˜Š,True
556,@thejokers2057,2024-09-14T22:30:07Z,0,Itu tangan sutsujin kenceng amat,True
557,@dhrieofficial3874,2024-09-14T22:26:14Z,0,Kenapa harus gatot,True
558,@fanny_tia335,2024-09-14T22:25:04Z,0,"Ngapain si sanz deff disitu,dikira damage skyler serasa damage minion kali ya.
Dasar duta recal2 lol.ğŸ¤£ğŸ¤£ğŸ¤£ğŸ¤£",True
559,@aualdafi4613,2024-09-14T22:24:39Z,0,Ajang tontonan MPL terkeren si onic banyak alasan,True
560,@AbdulHamid-iq3uq,2024-09-14T22:23:32Z,0,Mantaps suitsujin,True
561,@story_waUchia,2024-09-14T22:22:39Z,0,Ling horror banget,True
562,@rickysaepudin3987,2024-09-14T22:22:32Z,0,Njier ini baru tontonan asli banyak warnya njier,True
563,@yogapriandanisulton4432,2024-09-14T22:22:10Z,1,"10:02 â€œLebih tepatnya kalau tim anda di voting sama pak pulung, tim anda sedang tidak baik-baik sajaâ€ ğŸ¤£",True
564,@ahmadriyanto1047,2024-09-14T22:20:10Z,0,gold Lane Ter the best skylar,True
565,@muhammadkautsar6579,2024-09-14T22:19:35Z,0,gilaa sutsujin,True
566,@videobebas1267,2024-09-14T22:15:43Z,0,Sumpah co duo jugler trrpanasğŸ˜­ğŸ˜­ğŸ˜­,True
567,@sahib812,2024-09-14T22:13:55Z,4,12:27 rinz cosplay Jonathan liandi,True
568,@Benedetta619,2024-09-14T22:12:26Z,1,"Terkahir gw ingat match seseru ini itu S9 RRQ vs Aura, akhirnya nemu match terseru lagi di mpl setelah sekian lama",True
569,@ALRizky666,2024-09-14T22:07:43Z,1,"Gila sih match nya, war terus menerus. Match ini rasanya seperti tidak pantas berada di reguler season.",True
570,@puyollslank7733,2024-09-14T22:06:27Z,1,"Gilla ini,,game terseru aslii,,mantaapp rrq,,ttep selow kalem kuasai keadaan",True
571,@yohansengultom9817,2024-09-14T22:04:13Z,0,"Onic merasakan apa yg dirasakan rrq bbrp season kmrn.. ditinggal r7 rrq terasa oleng, ditambah albert & vyn juga hengkang.  Dan onic smnjak dtinggal buts juga terasa bgitu, mskpn bareng lutfi masih bisa juara mpl s13. Tp lutfi belum sekonsisten buts dr penampilan. Dan terbukti di msc onic harus berhenti di fase grup.",True
572,@damara_t2m861,2024-09-14T22:03:45Z,0,game pertama yang sangat menegangkan ğŸ”¥,True
573,@abangkecilproject4934,2024-09-14T22:00:06Z,0,Sanz monyt gak recalÂ²,True
574,@FeriIrawan-cn2ft,2024-09-14T21:58:50Z,0,Branz pak pulung?ğŸ˜‚,True
575,@ivanyudianto9311,2024-09-14T21:51:05Z,0,skylar bukan org anjir,True
576,@HendraFahreza,2024-09-14T21:50:18Z,0,Kasih aja udah piala mpl sama RRQğŸ‰,True
577,@radenmahendra1393,2024-09-14T21:48:20Z,2,mnrut gw ini match terseru sihğŸ’ªğŸ’ª,True
578,@herlinahalik9588,2024-09-14T21:43:13Z,0,GAME RASA FINAL,True
579,@AkunbaruAnjay,2024-09-14T21:36:13Z,0,skaylark di bandingin cw?wkwkk yang bilang begitu tlol nya kebangetan,True
580,@SWherb,2024-09-14T21:34:27Z,10,20:48   sutsujin edaaaan,True
581,@restifauzi8536,2024-09-14T21:17:54Z,0,Kairi terlalu dendam liat sujin savage di lag 1 jdi mainya agak blunder trus onic -1 exp,True
582,@rezaalfarizqi,2024-09-14T21:16:39Z,0,"el clasico mpl si ini,hha",True
583,@restuimamazhar8681,2024-09-14T21:13:01Z,0,Gilaaa match high mekanik respect buat onic ğŸ”¥,True
584,@AhmadWisnu-bf2jo,2024-09-14T21:12:38Z,0,Serunya kalau jugle asassin ğŸ”¥,True
585,@agilboboyy,2024-09-14T21:12:19Z,0,10:00 idok make fitur matağŸ˜‚,True
586,@A7_GAMING98,2024-09-14T21:09:40Z,0,Ga ada alasan untuk kalah udah mainin kairi juga,True
587,@_lonely.,2024-09-14T21:07:13Z,0,Jujur kalau dilihat-lihat cw kayak underperforming. Enggak kayak pas dia make Claude yg biasanya menang di gold lane. Semoga bisa reset lgi sih dan bangkit â¤,True
588,@mochmaulana5362,2024-09-14T21:03:49Z,0,Alhamdulillah rrq menang 2:0,True
589,@dedenova6084,2024-09-14T20:58:45Z,0,El jerawatğŸ˜‚,True
590,@fadhilfauzi5402,2024-09-14T20:55:01Z,0,"gini dong jir wkwk
match seru dua2 nya jago gilak",True
591,@Bilaljaeger,2024-09-14T20:54:44Z,0,"mental rrq sih berkelas banget cok, mental haus juara nya benerÂ² ini rrq, di early diganyang habisÂ²an padahal, rogernya aja udh snowball banget tapi Alhamdulillah masih bisa menang",True
592,@bang_ADI94,2024-09-14T20:53:32Z,0,hanya mereka berdua yang mampu menyajikan permainan yang luar biasa.,True
593,@AhmadSijaya-fz9de,2024-09-14T20:49:46Z,0,"ending skylar sangat tajam banget jir , duet bantai"" Ama sutsujin epik sihh",True
594,@agusharyono5260,2024-09-14T20:47:27Z,0,Onic lucu maen magge 2,True
595,@ain_kerok8110,2024-09-14T20:46:40Z,1,"Tutor chou lah.. Greget, blm sepenuh nya bisa maen chou d paksa ğŸ˜‚ğŸ˜‚",True
596,@Syndro0mes,2024-09-14T20:45:57Z,0,Serasa final cuyyy... Gg semua...,True
597,@sadripurnama9498,2024-09-14T20:37:30Z,0,"2 JUNGLE TERBAIK SEASON SEKARANG, TITIK ğŸ”¥",True
598,@SosoGaming11,2024-09-14T20:32:33Z,0,Ga kepake omongan Vincent 'lu pick ling lu kalah' tergantung pilotnya bossğŸ˜‚,True
599,@arnoldwdasmasela,2024-09-14T20:28:32Z,0,Sutsujin IQ 10000000+,True
600,@KuNtul-je2cj,2024-09-14T20:26:36Z,0,P,True
601,@KuNtul-je2cj,2024-09-14T20:26:19Z,0,"WKWK KOK GAK RECAL"" ONIC GUOBLOK",True
602,@Yukimura0890,2024-09-14T20:24:45Z,3,20:44,True
603,@arinwijaksono7653,2024-09-14T20:23:14Z,0,"Keren rezz saat kil sutsujin recall""ğŸ˜…ğŸ˜…ğŸ˜… n",True
604,@salamassidiqi5718,2024-09-14T20:21:46Z,0,Gilaaaa kelass banget ini match,True
605,@mitsuhamiyamizu2480,2024-09-14T20:15:29Z,0,kairi nangis balik kampung,True
606,@rezaeza3407,2024-09-14T20:12:04Z,0,Rinz nya kureng sih,True
607,@takumiae8679,2024-09-14T20:11:25Z,0,Itu coach khezcute dari dota2 ka?? Team boom id dulu??,True
608,@Dopenewtxn,2024-09-14T20:11:03Z,0,"Kalau udh ada tim yg bisa Ngalahin Onic..berarti ada perkembangan Esport MLBB indo ,Semoga season ini ada Juara Baru",True
609,@sayo480,2024-09-14T20:07:15Z,0,game paling kerenâ¤ğŸ˜Š,True
610,@OK-op2oe,2024-09-14T20:06:37Z,0,KASIAN REZZZ JADI BAHAN BULIIğŸ˜¢ğŸ˜‚ğŸ˜‚ğŸ˜‚ğŸ˜‚,True
611,@mitsuhamiyamizu2480,2024-09-14T20:05:18Z,0,kairi dobol pipis kairi nob,True
612,@WhtTheFck,2024-09-14T20:03:08Z,0,Skylar gila banget cok,True
613,@merisandi-x4z,2024-09-14T20:02:40Z,0,onic taekk apa lagi alasan kalian.akui lah raja itu RRQ  bukan onic,True
614,@alviyansyahkomeng9527,2024-09-14T20:01:06Z,0,Mana nih suaranya yg katanya kl kairi main rrq bakal kalah,True
615,@girtabayuBesuki-uj7hf,2024-09-14T20:00:48Z,0,MANIAC KOK KALAH 2:0wkwkwkwkwkğŸ˜‚ğŸ˜‚ğŸ˜‚,True
616,@Donker-s5e,2024-09-14T19:59:51Z,0,Rezz ğŸ˜…tu anak kemarin yg malah nambahin prioritas ONIC jadi buyarğŸ˜… gk konsisten sama timing yg di mau kairiğŸ˜Š,True
617,@Donker-s5e,2024-09-14T19:56:43Z,0,"Skylerre tuh turunan gua kalau dh main MMğŸ˜Š
Segala jenis MM kalau gua dh merasuki nyağŸ˜Š gila sudah main nya",True
618,@Tahubulat-t1x,2024-09-14T19:55:26Z,0,emng kiboy jago ya Ampe mau balas dendam tapi kok 2 0 sihh kiboy gak ada alasan soalnya dia kalah,True
619,@pooljoe,2024-09-14T19:47:57Z,0,No kairi onic nothing ğŸ˜Œ,True
620,@abdillahsa3367,2024-09-14T19:46:52Z,0,Edan sutsujin gameplay dewa,True
621,@BigBoss-kf7vl,2024-09-14T19:44:41Z,0,Balas dendam kata bonbonan onic kairi pilipin.,True
622,@rickydarmawan6621,2024-09-14T19:43:07Z,0,21:01 gelooo ujin ğŸ˜®ğŸ˜®,True
623,@Wanjaaay,2024-09-14T19:41:50Z,0,Keren ni match nya,True
624,@muhejirefendy4762,2024-09-14T19:38:17Z,0,Bukan onic tapi kairi Esport,True
625,@hanzzz86,2024-09-14T19:32:15Z,0,Gw jadi inget kataÂ² kairul pas abis kalah leg ke 1 coooğŸ¤­,True
626,@beyourself2988,2024-09-14T19:26:45Z,1,Main ling udah kek main LaylağŸ˜…,True
627,@RimuruTempest768,2024-09-14T19:25:49Z,37,27:24 ngegebuk angin garaÂ² gak nyampeğŸ˜‚,True
628,@agusperdana6188,2024-09-14T19:25:05Z,1,Makin jelas kan goldlane terbaik itu siapağŸ¤˜ğŸ»ğŸ¤ªğŸ¤˜ğŸ»,True
629,@FendyYahya18,2024-09-14T19:18:58Z,1,keren bosss,True
630,@FajarMuhamad-it7xm,2024-09-14T19:17:25Z,2,Sutsujin gila bgt si Cok Ling nyağŸ¥¶,True
631,@DiazMundzirul,2024-09-14T19:17:01Z,0,Nice rrq awak jam 3 gembira betul liat rrq gila main nya bungkam kairi tiada pH pH,True
632,@YouKnow-y4g,2024-09-14T19:14:19Z,0,Dari segi agresif lebih ke onic tapi cara bertahan rrq juga tidak bisa diremehkan kairi berhasil membuktikan omonganya yang akan lebih agresif dari jungle lawan dan sutsujin juga mampu mengatasi ke agresifan mereka dengan moment yang menguntungkanâ¤,True
633,@harunxlubis,2024-09-14T19:13:40Z,0,Edithnya enak diliat ğŸ‰,True
634,@efan9456,2024-09-14T19:12:13Z,0,Udah jelas butss paling berpengaruh di onic,True
635,@DennySutomo,2024-09-14T19:11:26Z,0,Shutsujin tttoooooooooooooooooopppppppppp,True
636,@wisnusolikin3878,2024-09-14T19:02:06Z,0,"Njir,jungler kayag gini dibuang bangkek..kesalahan besar",True
637,@EdoCool-bv4le,2024-09-14T18:59:33Z,0,KEMBALIKAN SUTSUJIN,True
638,@whymxmly,2024-09-14T18:59:28Z,1,Wkwkkw trending,True
639,@dwikyanggara,2024-09-14T18:58:36Z,0,MANIAC Tapi Kalah Auto Sepi ğŸ˜…ğŸ˜‚,True
640,@DiabloRyuken,2024-09-14T18:57:36Z,0,Sedang menunggu ultras seblak cari alesan,True
641,@ngelawak5731,2024-09-14T18:57:01Z,0,Skylar mantap,True
642,@YudiDarma-v4z,2024-09-14T18:55:12Z,0,"Tahunya RRQ
Onic setelah ganti nama Jd kurang baik",True
643,@DUNIA-sholawatan,2024-09-14T18:53:29Z,0,Sutsujhin mantap,True
644,@antuiscence9004,2024-09-14T18:53:25Z,0,Nyesal EVOS jual sutsujin wkwkw,True
645,@RRQ.Kakek-muda,2024-09-14T18:52:53Z,1,"Busettt..baru pembukaan leg ke 2 rrq..
    Udah berasa nonton grand final..!
   Trima kasih buat onic dan rrq..dh memberikan tontonan yg membuat senam jantung..ğŸ§¡ğŸ’›",True
646,@deadeye1147,2024-09-14T18:50:45Z,0,12:19 Snowballing apaan KB hahahaahha asal ngomongğŸ˜…ğŸ˜…ğŸ˜…ğŸ˜…,True
647,@DUNIA-sholawatan,2024-09-14T18:50:31Z,0,Ruby GK d ban d late game sumpah Ruby susah yng mau matiğŸ˜‚,True
648,@mochammadrosyadi3595,2024-09-14T18:47:55Z,0,Gila botakkkğŸ˜‚,True
649,@AhmadDani-m9b,2024-09-14T18:46:46Z,0,Sonic g berani comen,True
650,@hamidmancity987,2024-09-14T18:46:08Z,0,Yg katanya PR buat pertemuan ke 2. Malah 2-0 lagiğŸ˜‚,True
651,@salambahagia17,2024-09-14T18:44:58Z,0,Tutor gatot ada di profil,True
652,@leobardhodepo2092,2024-09-14T18:42:39Z,0,"Sanz blum apa""dha recal""ğŸ˜‚ğŸ˜‚ğŸ˜‚malu gk thu dha kira bakal menang",True
653,@findralevy2400,2024-09-14T18:37:08Z,1,Sutsujin skylar menggilaaa... Seru banget. RRQ  Terbaik ğŸ‰,True
654,@rahmatefendi9929,2024-09-14T18:36:33Z,0,match gila respect respect kedua tim,True
655,@adiprakoso4665,2024-09-14T18:36:04Z,0,Final harus gini sih,True
656,@manelofficial4214,2024-09-14T18:33:23Z,0,Gila ini ling.,True
657,@fajarsidiq4774,2024-09-14T18:33:12Z,0,RAJA DARI SEGALA RAJA ğŸ¥¶,True
658,@AsmarAskar-ow8lw,2024-09-14T18:32:20Z,0,"Nanti ganti nama lagi tuh ONIC, jdi ta1k bab1 ONICğŸ˜‚ğŸ˜‚ğŸ˜‚.. minimal jungler SAVAGE donkğŸ¤ª, minimal telur gak picahğŸ¤ª.. pasti alasan gak ada lutpiğŸ¤£. Skalian tuh YEB kalian sruh mainğŸ¤£ğŸ¤£ğŸ¤£",True
659,@Kazuyahere,2024-09-14T18:28:54Z,0,ayam ayam onic sedang mencari alasan,True
660,@norrickbagasistanto4402,2024-09-14T18:28:03Z,0,Gilakkkkk,True
661,@Budisetiawan15,2024-09-14T18:27:49Z,0,Aduh kasian 2 0 lagi kaya kemarin ğŸ˜‚,True
662,@Ajie321,2024-09-14T18:23:34Z,0,"klu patch dulu ok pakek lunox, seblom direvamp pas skill msh 2 cahaya atau gelap msh ok jg dengan land of down sekarang ada item lampu senjata zhuxin jg, lah kan terakhir di adjust nerf atributnya gtu kok msh dipakek lunoxnya, kwkwkw gmn si nocnoc ngedrafnya, ada ruby ada valentina , mending harit nerfnya gk keterlaluan. nocnoc gmn si.",True
663,@sanstuyyy,2024-09-14T18:23:09Z,0,Bukan era onic and kairi lagi,True
664,@Polisi-babi,2024-09-14T18:21:49Z,0,Trending cok,True
665,@WarikGanteng69,2024-09-14T18:21:37Z,0,Bnyak komen sok proo wkwkwk padahal mytik bintang 5ğŸ¤£ğŸ¤£ğŸ¤£,True
666,@fdlmuhammad2285,2024-09-14T18:21:04Z,0,sutsujin comeback to evos plisss,True
667,@wildanes9941,2024-09-14T18:17:23Z,0,Gile sutsuling ğŸ‘,True
668,@rahmatkurniawan3801,2024-09-14T18:16:56Z,0,Pulung emang dari dulu anti rrq. Caster paling gua benci dari mpl s1,True
669,@FikriHadi-y2w,2024-09-14T18:14:40Z,0,RRQ AING MADEPğŸ”¥ğŸ§¡,True
670,@dimassetiyo1848,2024-09-14T18:13:33Z,0,@kata khairi tunggu light kedua mananya bacot doang  udah habis masa lu,True
671,@sumarnimarni-rb4xk,2024-09-14T18:12:48Z,0,Lawakkk lawan dongvgggvggvgg,True
672,@EnumaEalish99,2024-09-14T18:12:21Z,0,Draft apa iniğŸ˜®,True
673,@EwinTumangger,2024-09-14T18:12:03Z,0,By one kita Skylar ?? Aq raja balmond ..,True
674,@EwinTumangger,2024-09-14T18:11:28Z,0,Knp Skylar harus megang kepala kawan nya ?? Heran gua,True
675,@tukanghudangbeurang,2024-09-14T18:09:55Z,4,"Baru x ini liat Onic ngelawak,,dia cuman fokus buat ngebantai bukan fokus untuk menang",True
676,@unregistered07,2024-09-14T18:09:32Z,10,"Jokes caster mantab juga ğŸ˜‚
KB : bentar2 ada telpon dari AP Bren ğŸ¤£
Pak Pulung : itu yang nelpon AP Bren apa AE Bren ğŸ¤£
satt lah ğŸ˜‚",True
677,@bendchokolatos6407,2024-09-14T18:07:20Z,0,Mana Lekk.. yg katanya mau blas di leg ke 2ğŸ˜‚ğŸ˜‚ğŸ˜‚,True
678,@dennyalvianz,2024-09-14T18:06:33Z,0,Match paling seruu,True
679,@TAKA-fw8pn,2024-09-14T18:06:14Z,82,"top 5 alasan onic
1. tunggu playoff.
2. tunggu Albert main.
3. tunggu coach yeb main
4. tunggu adi nge tweet
5. tunggu kiris",True
680,@sannn9999,2024-09-14T18:05:01Z,0,Rezzz mirip Kidbomba ya badan dan mental nya,True
681,@aimongskymongsky400,2024-09-14T18:03:41Z,0,Anjir pak pulu udab kaya senjata rambo ğŸ˜…ğŸ˜…ğŸ˜…ğŸ˜…ğŸ˜…ğŸ˜…ğŸ˜…ğŸ˜Š,True
682,@fazzarevansa1319,2024-09-14T18:02:14Z,0,Sanz underperform jelek banget main nya,True
683,@juliansyah1709,2024-09-14T18:01:03Z,0,LING TER FAST HAND DI MPL S14 SUTSUJIN .ğŸ‰,True
684,@NewHNDKA,2024-09-14T18:00:53Z,0,"Kayanya kairi pengen bales savage ujin kmaren, ada momen harusnya lord tp dia maju trus sampe akhirnya mati ğŸ¥´",True
685,@dickybagussetiawan1337,2024-09-14T17:58:34Z,0,"GILAAA ANJIRRR KELAS RRQ. SKILL MIKRO SUTSUJIN NUMBER ONE. ONIC LUPA YG DIA LAWAN KING RRQ, BUKAN EPOS ğŸ˜…",True
686,@handikabujang124,2024-09-14T17:58:12Z,0,"Sengaja ngalah onic , nanti pas play of onic langsung all in, ini biar mpl rame aja",True
687,@sutono9307,2024-09-14T17:57:49Z,0,salut GOKIL si IDOK ngebadanin nya ğŸ‘,True
688,@iyinij,2024-09-14T17:54:53Z,194,"GILAAAA, bahkan game onic btr aja ga seseru ini, btr geek atau semua match tim papan atas bahkan semua match rrq season ini sih ini paling seru asliiğŸ˜­ walaupun bukan assassin vs assassin tpi gila sih",True
689,@ariyarahmat9744,2024-09-14T17:54:33Z,0,"Gold laner nya upin ipin, smaÂ² b*takğŸ˜‚ğŸ˜‚",True
690,@Rhiiyooo619,2024-09-14T17:49:51Z,0,"Alhamdulilah poin penuh lagi & tetetp tempel BTR. semoga next match bisa mengatasi perlawanan BTR ğŸ’ªğŸ¿

keep fighting Hoshi, sebisa mungkin harus selalu improve di tiap matchnya. semoga hasil baik selalu bersama Hoshi di sisa musim ini. VIVA RRQ ğŸ‘‘ğŸ§¡",True
691,@anggitsuseno4513,2024-09-14T17:48:13Z,0,Ketika Skylar mendapat teman yg tepat ğŸ˜‚,True
692,@nkaydenn_28,2024-09-14T17:47:36Z,0,kiboy sok cool anj,True
693,@darissaputra8162,2024-09-14T17:47:25Z,0,Kerennn math nyaaağŸ˜˜ğŸ˜˜,True
694,@syahrujiarrozi8539,2024-09-14T17:45:14Z,0,"war apaan cok digame 1 ğŸ˜‚, gilaaa",True
695,@jia4816,2024-09-14T17:43:24Z,0,Match layak di tonton nih kek gini. Bukan yg match dah ketebak siapa yg menang #september,True
696,@Srya107,2024-09-14T17:43:10Z,0,"Ingat raja masih ada rajanya kata pak pulung, good by gondrong rese ""kiboy"" selamat nangis dipojokan, kalo menang resenya setinggi langit makanya disebut raja langit ğŸ˜‚",True
697,@RanaDwi,2024-09-14T17:41:38Z,2,Plis kalu RRQ maen komentatornya jangan Kroco semua. Kasik profesional 1 seperti Bapak Wawa. Terimakasih,True
698,@r.sugarae.s2008,2024-09-14T17:41:26Z,0,MANTAP SUTSUJIN DAN TEMAN2,True
699,@ahmadwijaya9498,2024-09-14T17:41:24Z,1,KITA BALAS DI LEG 2 *Kairul Kumar EL RUMPUT,True
700,@yudijuanjuan8407,2024-09-14T17:38:41Z,0,Inikah Raja langit???ğŸ˜‚ğŸ˜‚ğŸ˜‚ğŸ˜‚,True
701,@q.c.komeng,2024-09-14T17:36:56Z,0,Fakta yg harus diterima!!! Skylar >> CW,True
702,@ahmadridwan8991,2024-09-14T17:36:50Z,0,DI ATAS LANGIT ADA RRQâ¤,True
703,@Gilang-mt8ly,2024-09-14T17:36:10Z,0,Buset ni match ter epic ter gila ter keren di mpl season sekarang ğŸ‘,True
704,@fian6540,2024-09-14T17:35:23Z,0,GG sutsujin MVP,True
705,@mosandy2073,2024-09-14T17:34:37Z,0,"Mau tau apa kata KIBOY 
ALESAN APA LAGI DEKK???",True
706,@Rommi93,2024-09-14T17:33:47Z,2,"Ingat kata kairi setelah kalah leg 1 dia gak main, Macth 2 lebih paraahhh ğŸ˜‚ğŸ˜‚ğŸ˜‚",True
707,@lofi7690,2024-09-14T17:33:30Z,1,Kairi kebelet savage,True
708,@lofi7690,2024-09-14T17:33:28Z,0,Kairi kebelet savage,True
709,@firmanmaulana-iq9tm,2024-09-14T17:33:02Z,0,Era ph udah selesai,True
710,@Rommi93,2024-09-14T17:31:29Z,3,RRQ nih Gaess Emang siyaaapee ğŸ”¥ğŸ”¥ğŸ”¥,True
711,@d.rizkyy,2024-09-14T17:28:55Z,0,Pertandingan termahal tergila terseru antar jungler di mpl s14,True
712,@AdmiralKy,2024-09-14T17:28:13Z,0,"Anak epos pernah bilang, kalo LING ujin msh d bawa Anapel ğŸ˜‚ makan tuu #9 kocak",True
713,@dedesofyan2987,2024-09-14T17:26:40Z,0,Kasian sih liat onic kalah nya grgr exp nya banyak gayağŸ˜‚,True
714,@sansanpurwansyah9602,2024-09-14T17:24:31Z,0,Evos uda gada harapan kah bg?,True
715,@Zayyan_24,2024-09-14T17:23:43Z,1,"Sutsujin licin bgt ğŸ˜‚, makasih ya evos",True
716,@lutfiheryana28,2024-09-14T17:23:27Z,0,Dyren matii muluuuu,True
717,@Nyomahh,2024-09-14T17:23:19Z,1,"Akhirnya RRQ sudah menemukan Jungler yg cocok,, Pertahanin sih",True
718,@bayukresnaaji9331,2024-09-14T17:21:52Z,0,Ingat kata pk pulung.. Lek dyren kurang 45 rebuk,True
719,@sansum223,2024-09-14T17:21:09Z,0,Kek nonton final cuy,True
720,@gilangrochmadoni2427,2024-09-14T17:20:56Z,0,reeznya offside Mulu,True
721,@donistubborn.96,2024-09-14T17:20:55Z,0,Percayalah jika goldlane nya bukan skylar RRQ pasti kalah,True
722,@wongndeso8400,2024-09-14T17:20:55Z,0,Nngerrrrriiiii,True
723,@Bcat1209,2024-09-14T17:20:53Z,0,Onic tidak serius. mereka ingin rrq di playoffs agar viewnya lebih banyak dan setelahnya mereka akan membuat RRQ menangis. ingat pelatih RRQ menangis musim lalu bersama BTR di babak playoff. Tak sabar menunggu fans RRQ kaget di babak playoff sambil menangis. tertawa terbahak-bahak,True
724,@mcasen8299,2024-09-14T17:19:38Z,1,"Recall"" Kenal comeback",True
725,@diyantv1755,2024-09-14T17:19:28Z,44,"Game 1 game paling gila sich, setelah final season 6 baru ini sampe merinding lg.",True
726,@royjordihirotl2969,2024-09-14T17:17:42Z,0,"2 jungler ganteng pengendong handal, menampilkan permainan yg indah. dingin tapi menyala ğŸ”¥ğŸ”¥",True
727,@dedesofyan2987,2024-09-14T17:16:30Z,0,"Tapikan bang albert gamain, padahal kmarin albert lagi jago2 nya wkwkwk, ucap siapa awokawokawok ğŸ˜‚ğŸ˜‚ğŸ˜‚",True
728,@Jongs12,2024-09-14T17:15:29Z,0,14.20 panik,True
729,@yulistiantidarputrapradana4537,2024-09-14T17:15:00Z,0,Tontonan yg sebenarnya rrq vs fonic,True
730,@dedesofyan2987,2024-09-14T17:14:23Z,0,Rezz recal2?? Kalo kalah gaboleh alasanğŸ˜‚ wkwkwkw,True
731,@briliardiles9342,2024-09-14T17:14:20Z,0,Rezz star syndromeğŸ˜‚,True
732,@RosyidOcid-w1c,2024-09-14T17:10:14Z,0,RRQ MAIN KASIH SENANG DULUğŸ˜,True
733,@TahuTempe-o1k,2024-09-14T17:09:09Z,0,Mn woy taruhan botak nih ğŸ¤£,True
734,@serigalamilitia8354,2024-09-14T17:08:55Z,0,"Gitu sih kalo takabbur, kasian kiboy kairi hahay",True
735,@zaenal2724,2024-09-14T17:07:36Z,0,Pak pulung nge rapğŸ˜®,True
736,@robaraofficial5584,2024-09-14T17:05:32Z,0,sutsujin = GG parah,True
737,@faridramdani-wf6yx,2024-09-14T17:02:28Z,0,"zz,zzzzzz,zzzzzzzzzzzzzzzzz,,,,,zzzzzzzxCcggzzzzzz

,,,,







,,




ggggg",True
738,@ndralaksmana2888,2024-09-14T17:02:05Z,0,Berapi api bangt ujin lawan kairul,True
739,@V-Randomm,2024-09-14T17:01:33Z,0,Rrq udah bangkit mau dilawan jangan ya dek yağŸ˜…,True
740,@MhdDandi-o6u,2024-09-14T16:59:05Z,0,di seson ini la raja mengambil tahta ny kembali,True
741,@BarkahMLBB,2024-09-14T16:58:53Z,1,"Yang bilang digendong skaylar mana nih wokwokwok,jangan meninggi ninggin bottt makanya",True
742,@hartistic25,2024-09-14T16:57:04Z,0,Susujiin ğŸ˜­ğŸ˜­ keren bngttt,True
743,@fikywandi1872,2024-09-14T16:56:37Z,1,PENDUKUNG ONIC HILANG DARI LANEğŸ˜‚,True
744,@multazam2265,2024-09-14T16:55:46Z,0,Belum berakhir santay,True
745,@miracle7835,2024-09-14T16:54:55Z,0,Ini baru RRQ yang gw kenal ğŸ˜‚ğŸ˜‚,True
746,@irfanarianto3065,2024-09-14T16:54:46Z,0,KB pengen jdi analis tapi belum punya ilmuğŸ˜…ğŸ˜…ğŸ˜…ğŸ˜…,True
747,@yusufeko9770,2024-09-14T16:54:26Z,0,Idol baru nih ling sutsujin licin bgt,True
748,@agus-kw8cn,2024-09-14T16:51:07Z,0,"kairiul main tetap 2  0
albart main 2 0 
apalagi alasan yaa",True
749,@pemasafrizal28,2024-09-14T16:51:04Z,0,Merindingg coyy nonton royal derby,True
750,@dedehardi-mu7lz,2024-09-14T16:49:52Z,0,yam yam kukuruyuk,True
751,@wtfmaddox2,2024-09-14T16:49:26Z,97,"Respect sutsujin from nothing to something.
Telah berhasil melawan king kairi dgn proses yg tidak mudahğŸ’ª",True
752,@ridhomuharram9592,2024-09-14T16:48:54Z,1,Sutsujin sh klo gw bilang gila.. Ling nyağŸ˜…,True
753,@kadang_viral,2024-09-14T16:48:47Z,0,p,True
754,@ahmadsutriya774,2024-09-14T16:48:44Z,0,Rezz banyak gaya wkwk,True
755,@risaarisa2330,2024-09-14T16:48:27Z,0,Match paling rame,True
756,@rekodara05,2024-09-14T16:48:14Z,2,Mnit trkhir pas liat depend si sanz asli kocak..kirain kdepan bisa buat moment ternyata ngasih kil gratisğŸ˜‚ğŸ˜‚ğŸ˜‚ğŸ˜‚ğŸ˜‚ğŸ˜‚,True
757,@dilzycs6262,2024-09-14T16:47:57Z,0,"Aowkoawkoakaka ""panatik onik""",True
758,@IlhamPradana-v4d,2024-09-14T16:47:46Z,0,"Onic mainin kairi dong , masa ga di mainin lagi lawan rrq",True
759,@cimoymoy6143,2024-09-14T16:47:40Z,0,sudahi main kuatÂ² nya kita yg terkuatğŸ˜‚ğŸ˜‚ğŸ˜‚ğŸ˜‚ğŸ˜‚,True
760,@aandialova6440,2024-09-14T16:46:01Z,0,"Damage skylar sakit parah gila..
ling nya sunsujin lincah parah..
RRQâ¤â¤â¤â¤â¤",True
761,@boomberfive9831,2024-09-14T16:44:11Z,3,"Ngerinya pas play off ntar kayak BTR, semoga RRQ selalu konsisten sampe juara",True
762,@angkiblackdemon,2024-09-14T16:40:51Z,0,Sutsujin : Psikopat berdarah dingin ğŸ¥¶,True
763,@dann7658,2024-09-14T16:40:42Z,0,"telfon ap bren, KING RRQ BUTUH LAWAN SEPADAN",True
764,@wtfmaddox2,2024-09-14T16:40:36Z,0,15:12 kombek g tuh,True
765,@wtfmaddox2,2024-09-14T16:39:37Z,11,8:20 di ingame momentum rrq kombek ğŸ˜Š,True
766,@angkiblackdemon,2024-09-14T16:39:33Z,0,Mau RRQ atau ONIQ semangat musuh kita sebenernya masih menunggu di LUAR INDONESIA..,True
767,@adesepiono8277,2024-09-14T16:37:34Z,0,gila seru coo matchnya,True
768,@angkiblackdemon,2024-09-14T16:36:56Z,0,Lihat RRQ berasa lihat TIMNAS INDO maen,True
769,@gandi9929,2024-09-14T16:35:57Z,3,"Entertain banget, class semua player 2 team ini",True
770,@XLumens,2024-09-14T16:35:44Z,0,"full war,good match",True
771,@wahidepooll5633,2024-09-14T16:35:35Z,0,Sampe lupa kalo masi ada hazle,True
772,@Noyoudofficial,2024-09-14T16:34:55Z,0,RRQ JUARA ğŸ†ğŸ¥‡ MANA NIE PENDUKUNG RRQ LIKE Y ğŸ‰,True
773,@feibocilreplay1603,2024-09-14T16:33:41Z,9,"alasan onic kalah:
1. tunggu playoff.
2. tunggu Albert main.
3. tunggu coach yeb main
4. tunggu adi nge tweet
5. tunggu kiris",True
774,@afrinaldiano,2024-09-14T16:33:36Z,43,"perhatiin gerakan bibir coach Khezcute sebelum pick ruby, dia ngomong â€œgatotkaca pastiâ€ dan bener predictnya last pick onic gatotkaca ğŸ˜Š",True
775,@A.L.a.n.g,2024-09-14T16:33:14Z,2,Caster hbis suara klau game seru gini...gg,True
776,@dennytw8678,2024-09-14T16:32:28Z,0,"Pinternya onic pegangin dyren trus, Tp syg Kumar blunder",True
777,@ZENNN-28,2024-09-14T16:32:03Z,6,Tetap konsisten yah RRQ ğŸ˜Š,True
778,@bjorka_nism0709,2024-09-14T16:30:56Z,0,minimal menang dlu baru recal2 rezzzğŸ˜‚ğŸ˜‚bot,True
779,@jiraxcreator1314,2024-09-14T16:30:15Z,0,Mampus onicğŸ˜…ğŸ˜…,True
780,@bangkhan5554,2024-09-14T16:29:48Z,0,"Rinz kurang banget disini, ngambil ulti gk tepat, tapi sukurnya ditutup sama 3 Monster lainnya",True
781,@Kubengcool,2024-09-14T16:29:14Z,0,Ini yg 4 kali juara mpl ?? Leg 1 leg 2 nyusruk..,True
782,@Dvr.Zombiee,2024-09-14T16:29:07Z,0,Sutsujin gg banget njir,True
783,@ranggapraditya4479,2024-09-14T16:26:48Z,1,"Sutsujin kok jadi gg bangt makaniknya,perasaan awalâ€ muncul di epos gak kaya gini ğŸ˜…ğŸ˜…",True
784,@weyahyaweh,2024-09-14T16:26:31Z,0,Itu  botak di pegangin Mulu dah ler,True
785,@AndrianArifien,2024-09-14T16:26:14Z,0,Mana kiboy.....masih ada alasankah ğŸ˜‚,True
786,@abilhopkins8770,2024-09-14T16:26:02Z,0,Gokil sih game kaya akan mekanikâ¤,True
787,@derianistirep8961,2024-09-14T16:25:42Z,0,GG Dyrennn,True
788,@Yasin-p3r,2024-09-14T16:24:54Z,0,Dingin,True
789,@didiikurnaedii,2024-09-14T16:24:47Z,0,Botak fnoc ga di ajak main dari early pas warğŸ˜¢ slalu datang telat,True
790,@HeriSaja-ot3lm,2024-09-14T16:24:33Z,0,"Ini Match adu skill.. Bukan adu blunder kayak team papan bawahğŸ˜‚ngeri nontonnya ini,, 
Kemarin aku nonton rrq lawan evos ling sutsujin nampak biasa gt, eeehhhhhhh ternyata pas lawan onic skillnya Ling sutsujin di kluarin di depan kairiğŸ˜‚
Saya yakin pas lawan evos sutsujin sengaja main ling biasa aja, agar tak di rispek oleh ONIC.. Eh taunya ngerii kaliiiii ahhğŸ˜‚",True
791,@FeriFeri-gq6ww,2024-09-14T16:24:22Z,0,Katanyah di langit ada onic wkwk ğŸ˜‚ko kalah dek,True
792,@Kawanlam4,2024-09-14T16:23:44Z,5,Pertandingan seru banget,True
793,@voidaablanc,2024-09-14T16:20:57Z,4,"RRQ bisa buktikan kalau player full Indo juga ga kalah kuat, ga kayak kemarin beli 2 PH malah terancam ga lolos playoff, lolos pun pulang paling awal. Udah paling bener buat RRQ full indo, RRQ ga butuh player PH maupun coach dari PH. Kuncinya chemistrry sama coach Khezcute",True
794,@MuhammadReza0228,2024-09-14T16:20:30Z,2,Gelo game full mekanik,True
795,@ekoajipradigdoekoajipradig6240,2024-09-14T16:20:08Z,0,rezz terlau PD.,True
796,@kadek_kadua,2024-09-14T16:19:49Z,0,NICE KING ğŸ‰,True
797,@kensianturi509,2024-09-14T16:19:48Z,0,Kelas rrqâ¤,True
798,@nurdinramadhan2326,2024-09-14T16:19:23Z,0,"20:43 yang mau liat outplay dari sutsuling, ya sama sama",True
799,@unknownlifeform5884,2024-09-14T16:19:13Z,0,"worth banget disebut royal derby, yg nonton diajak roller coaster..",True
800,@jiraxcreator1314,2024-09-14T16:19:08Z,0,Yok bisa yok rrq juara season 14,True
801,@anggayudhaswara9095,2024-09-14T16:18:25Z,0,sutsujin ngeriiii,True
802,@RirinBorin-ub8sp,2024-09-14T16:18:09Z,0,"Gausah nyalihin Albert , kalo kalah ya kalah aja pake kairi juga",True
803,@Prunull24,2024-09-14T16:17:51Z,5,"Taun taun kmaren onic sllu mnang lawan siapa pun,,,jdi agak bosen karna udah ktebak .tpi taun, Ini akhir nya ada yg berkmbang beri perlawan nan sengit....jdi asik nonton nya,ğŸ˜Š",True
804,@rifataamrullah9776,2024-09-14T16:17:26Z,0,Udah g disepong cewek masing2 mainnya kaya boots,True
805,@Senkod7,2024-09-14T16:17:22Z,1,"butsss, semenjak jadi fanatic onic jadi turun performanya ğŸ˜”",True
806,@ajigamingproject6864,2024-09-14T16:17:00Z,33,Ini baru match seru.. gw dukung onic tapi gw suport banget kalau RRQ naik daun.. biar nyata aja persaingan nya,True
807,@dede1lb,2024-09-14T16:16:35Z,0,"""kita liat aja di leg 2"" (2-0 wak) GG RRQ,NT ONICğŸ˜¥",True
808,@yeyenkantari2865,2024-09-14T16:16:27Z,363,"Sutsujin mmng g ada obat. Skylar ttp yg jdi panutan, idok,rinz,dyrenn keren bisa lgsg klop sm team.. pkok thn ini season nya RRQ . Respect. Mskpun sy jagoin Evos",True
809,@fadillahnada9174,2024-09-14T16:15:29Z,0,Dinginn malam ini cuyy gwe menang mcl final+rrq win ğŸ¥¶ğŸ¥¶,True
810,@ekaverdianputradharma1172,2024-09-14T16:14:48Z,0,"yang kalah MENJELASKAN, yang menang MERAYAKAN ehh salah yang kalah banyak ALASAN",True
811,@carmine1300,2024-09-14T16:14:37Z,0,Adi out,True
812,@feripujiyanto8015,2024-09-14T16:14:20Z,0,"Kelas bgt ini war-war nya Gilak seru parah, Ling si sutsujun licin abis.",True
813,@ekaverdianputradharma1172,2024-09-14T16:13:49Z,0,rezz dark system,True
814,@aganharyanto3739,2024-09-14T16:13:32Z,0,katanya sanz lebih jago dari lemon kok kalah??,True
815,@makihd5707,2024-09-14T16:13:15Z,0,"gelo exp lane onic udh gg banget , cuman jungler nya jungler sangean ğŸ˜‚",True
816,@rezirinaldo1564,2024-09-14T16:13:04Z,0,Bang jin gila sih 9k hero power gg wakkk,True
817,@im_fine_1111,2024-09-14T16:13:01Z,0,"ini barru mpl,high view satis faing mekanik jugler",True
818,@danangeminor1768,2024-09-14T16:12:40Z,0,jagoan mah kalah dulu di awal,True
819,@fahmisyahrizal2709,2024-09-14T16:12:17Z,0,GELO FASTHAND KIEU SUTSUJIN,True
820,@cucukakek6258,2024-09-14T16:11:45Z,27,ğŸ˜‚ğŸ˜‚mm terbaik memang skyllar fix....,True
821,@AntoniusAndiAipan,2024-09-14T16:11:24Z,0,Match yang paling seru,True
822,@febribiha1004,2024-09-14T16:10:16Z,18,Gelo sittsujin di luar prediksi BMKGğŸ˜‚ğŸ˜‚,True
823,@diarza1997,2024-09-14T16:10:15Z,0,Kasihan ama yang bilang RRQ bakal dibante ONIC,True
824,@DUKE_of_Arrakis,2024-09-14T16:09:54Z,7,The best match ever,True
825,@yogaxinovi5589,2024-09-14T16:09:50Z,143,"Ingat kata Prof. KB : ""Ketika tim anda divoting oleh Pak Pulung, itu berarti tim anda sedang tidak baik-baik saja.""",True
826,@exbegundalkali7352,2024-09-14T16:09:34Z,0,Janji onic jangan bikin alasan lagi,True
827,@KingKong-zp9lt,2024-09-14T16:08:04Z,0,"gua kingdom juga tapi dri yang bisa d liat onic masih terlalu kuat buat rrq , cuman mereka kalah karna gak ada respect sama disiplin nya , onic terlalu sombong dan ngerendah lawan nya pdahal mereka bisa menang kalo main nya disiplin , dari draft udah bagus phoveus nya udh d respect ama coach yeb",True
828,@bwx_musicproject,2024-09-14T16:07:52Z,0,Pasti alasannya habis ini gak ada lutpiğŸ˜‚ğŸ˜‚ğŸ˜‚ğŸ˜‚ğŸ˜‚,True
829,@exelvinnyx744,2024-09-14T16:07:51Z,0,TEVOSS KASIHAN YAHğŸ˜‚ğŸ˜‚ğŸ˜‚,True
830,@AlimSastrawinata,2024-09-14T16:07:38Z,0,Sans kok skarang recalÂ²nya sudah hlang ya..ğŸ˜…ğŸ˜…ğŸ˜…ğŸ˜…,True
831,@AlimSastrawinata,2024-09-14T16:07:07Z,0,Kairi apa kabar..katanya mau balas rrq..ğŸ˜…ğŸ˜…ğŸ˜…ğŸ˜…ğŸ˜…,True
832,@Bee-rn5zv,2024-09-14T16:06:54Z,0,Match terkelas ke 2 setelah RRQ ALTER EGO,True
833,@deadeye1147,2024-09-14T16:06:31Z,0,Duo sotoy KB x LIM KOCULğŸ˜…ğŸ˜…ğŸ˜…ğŸ˜…ğŸ˜…,True
834,@indraade868,2024-09-14T16:06:27Z,0,Liat GATOT KACA panik ğŸ˜‚ğŸ˜‚ MAU KETAWA TAKUT DOSA... #LAWAK,True
835,@senantiasa6173,2024-09-14T16:06:24Z,0,Ku kira sutsujin cuma bisa fighter ğŸ˜…,True
836,@MahadikaIndraPermana,2024-09-14T16:06:10Z,4,Lawakan hari ini Kata kiboy g ada alasan lagi kalo kalahğŸ˜‚ğŸ˜‚,True
837,@andyandirha7918,2024-09-14T16:05:45Z,0,yaelah. jadi ceritanya nih pengen balikin savage pake rogerğŸ˜‚ğŸ˜‚ğŸ˜‚ğŸ˜‚,True
838,@moa_kikuchi99,2024-09-14T16:05:43Z,41,20:38 GG,True
839,@triarona659,2024-09-14T16:05:40Z,0,Netijen pilipin udah dek kairul udah ga bisa gendong,True
840,@gazetomioka,2024-09-14T16:05:14Z,0,Gg RRQğŸ”¥ğŸ”¥ğŸ”¥,True
841,@rahmannobita5025,2024-09-14T16:04:45Z,0,Sans jgn terlalu sombong ğŸ˜‚ğŸ˜‚ğŸ˜‚,True
842,@dhikacool2940,2024-09-14T16:04:38Z,0,Pemulung anti rrq,True
843,@nandamekazehaya1177,2024-09-14T16:04:12Z,2,Giiiilllllaaaaa sich game nya... Seru bangetğŸ˜®ğŸ˜®ğŸ˜®ğŸ˜®,True
844,@kikigemenk297,2024-09-14T16:03:56Z,0,Di evos sutsujin maen nya gak begini dah,True
845,@ARAM_130,2024-09-14T16:02:12Z,0,NT ONICC â¤,True
846,@bukantv3854,2024-09-14T16:01:25Z,0,Sanz sok asik,True
847,@DilDil-q1p,2024-09-14T16:01:13Z,0,Liat RRQ menang seneng banget TAPI EPOS TIPOS KNPA KALAH MULU IPOSSSS SKYLOSSS EPX NYA REMBES,True
848,@RahmatHidayat-hv1wh,2024-09-14T16:00:25Z,0,SANS JEMPOL STIKERNYA SAMPE TREMORRR,True
849,@ZedAl-c4r,2024-09-14T16:00:11Z,0,Miniac doang,True
850,@RahmatHidayat-hv1wh,2024-09-14T15:59:40Z,0,SaNS JEMPOLNYA SAMPE TREMOR,True
851,@kholilalfiansyah3813,2024-09-14T15:59:40Z,0,Mau alasan apalagi hay onic wkwkkw,True
852,@AingFazri-cr8pz,2024-09-14T15:59:34Z,0,banyak yg nannyain kairi ga main tuh liat fans onic kairi uh main ttp aja kalah,True
853,@RahmatHidayat-hv1wh,2024-09-14T15:59:14Z,0,SANS JEMPOLNYA SAMPE TREMORRR ğŸ˜‚ğŸ˜‚ğŸ˜‚ğŸ˜‚,True
854,@ir8124,2024-09-14T15:59:00Z,11,Keren bgt sengit rrq vs onic ... Sering2 gini donk tim lain,True
855,@DennyIrawan-jx9jt,2024-09-14T15:58:40Z,0,Rrq nih bos,True
856,@zay-kh9pg,2024-09-14T15:58:35Z,0,Wkwkwkkwkwkwkwk blom menang maen recal2.......ğŸ˜‚ğŸ˜‚ğŸ˜‚ğŸ˜‚ğŸ˜‚ğŸ˜‚ğŸ˜‚ğŸ˜‚,True
857,@24_mutsaqqofzaki86,2024-09-14T15:58:09Z,126,match adu serangan. Sutsujin kelas bgt maennya,True
858,@Sempakfiraun01,2024-09-14T15:56:55Z,0,Onic tanpa butssğŸ¤¡ğŸ¤¡,True
859,@sofwaHasri,2024-09-14T15:56:46Z,0,G O K I L !,True
860,@akhmadzidan7437,2024-09-14T15:55:50Z,0,Ling termahal,True
861,@kopteestudio6884,2024-09-14T15:54:05Z,0,gila si mirip echo vs apbren ini ini,True
862,@azmiaan6831,2024-09-14T15:54:04Z,0,"Butuh 5 pemain KUMAR KAIRI buat ngalahin RRQ ğŸ¤£ jadi gk usah alesan lagi yah BOY KIBOY Hhahahaha.. besok"" mainin aja ADI JUNGLER dan YEB Goldliner ğŸ¤£",True
863,@wabur9397,2024-09-14T15:53:52Z,0,KICK OUT AJA CASTER YANG ANTI RRQ !!,True
864,@yunusWijaya-n5f,2024-09-14T15:53:30Z,0,Epos pasti nyesel lepas sutsujin awokwowkwowk,True
865,@Hanin.Hanifa.Hifza03,2024-09-14T15:52:37Z,0,Gemplay Yg luar Biasa,True
866,@GenyaDvco-z6x,2024-09-14T15:51:49Z,0,Berat punggung kairi ğŸ˜‚ğŸ˜‚,True
867,@ardhyyessa05_97,2024-09-14T15:50:22Z,52,"Tergiang ngiang kairi mau savage juga , tapi sutsujin msh lebih ngeri mekanik nya..",True
868,@luksopicial,2024-09-14T15:49:32Z,0,kairi maksain jadi Roger sutsujin saveg,True
869,@RuyanAyuba,2024-09-14T15:49:09Z,76,Gila Sih Sutsujin semoga Konsisten Truss RRQğŸ§¡,True
870,@Dapzzz777,2024-09-14T15:49:09Z,1,Lu tu bukan R7 chou expğŸ˜‚ğŸ˜‚,True
871,@akureezky,2024-09-14T15:48:34Z,0,OH INI GAMBARAN FINAL NANTI ğŸ˜‚ #VIVARRQ,True
872,@JuraganBatik,2024-09-14T15:47:39Z,0,"Tonton ulangg ğŸ˜‚ğŸ˜‚ 
ğŸ¤¯ğŸ¥¶ğŸ¥¶ğŸ¥¶ğŸ¥¶ğŸ¥¶ğŸ¥¶ğŸ¥¶ğŸ¥¶ğŸ¥¶ğŸ¥¶ğŸ¥¶ğŸ¥¶",True
873,@IyanD20,2024-09-14T15:47:29Z,4,Sumpah ini match paling panas sih daripada tim2 lain gelo ğŸ”¥ğŸ”¥ğŸ”¥ğŸ”¥ğŸ”¥,True
874,@zkaz8123,2024-09-14T15:47:17Z,6,kangen ce momo yg ngecaster klo game seru gini..,True
875,@ahmadarsan,2024-09-14T15:46:00Z,0,"setiap RRQ main kenapa harus pak pulung casternya,
Dia tdk pernah memprediksi RRQ win",True
876,@YayanMokodompit,2024-09-14T15:45:35Z,0,Tunggu aja play of,True
877,@rafiffakhrudin566,2024-09-14T15:44:29Z,0,Maniac tapi kalah ğŸ˜‚,True
878,@rayanchan8772,2024-09-14T15:41:35Z,1,MIN SALAMIN KE BAE UJIN â¤â¤â¤â¤â¤â¤â¤â¤,True
879,@niconeko_270,2024-09-14T15:41:32Z,3,"Kelaz sih ni game

Sutsujin : baby face Asassin",True
880,@ismailmarzuki4761,2024-09-14T15:41:32Z,24,"Semua itu pasti akan ada masanya.. tim papan atas pun harus merasakan pahitnya jadi papan bawahh.. 
Mengejar ketertinggalan itu lebih baik dari pada mempertahankan.
Sebab mengejar itu pasti mencari celah dan jalan kelemahan lawan untuk melampaui persaingan.",True
881,@AghylSetiawan,2024-09-14T15:41:01Z,0,Mungkinkah M-series season ini di menangkan oleh rrq?? Atau hanya top indo aja!!!,True
882,@BisnisMan-r2r,2024-09-14T15:40:55Z,0,"Lutpi turun ke MDL
Rezz up MPL dark sistem CHOU LAWAK MAIN LAWAK MAKRO LAWAK BAGUS MAIN BATU AJA BLOG",True
883,@TeguhDika-hc4fl,2024-09-14T15:39:43Z,0,Sonik kla kairi mnaa,True
884,@aldoalforo924,2024-09-14T15:38:00Z,0,"yg menang merayakan 
yg kalah menjelas kan",True
885,@rayyansip4382,2024-09-14T15:37:02Z,6,Gg sih match nya apalagi match 1 mereka yang main gw yang deg-degan bjir sengit bat,True
886,@cobra1970,2024-09-14T15:36:55Z,82,Udah jelas banget skylar goldlane terbaik di indo,True
887,@farhanihsanudin.azazel,2024-09-14T15:36:53Z,150,"Match berkelas, mau siapapun yang menang dua-duanya GG gimang ğŸ§¡ğŸ’›. Mau nonton langsung tapi kehabisan tiket ğŸ˜­",True
888,@MuhamadRizal-wt2sy,2024-09-14T15:36:09Z,0,Pelatih onic cara maen monoton. Otak nya segitu ajağŸ˜‚ LOL,True
889,@Keizi.toretto,2024-09-14T15:34:26Z,837,Ingat kata kiboy gak ada alasan kalo kalah,True
890,@azizinfo06,2024-09-14T15:34:12Z,47,Jir malem2 udah dingin ditambah dingin sama King RRQğŸ¥¶,True
891,@MrP4nn15,2024-09-14T15:33:42Z,44,Lokal pride ni bos gg rrq,True
892,@selebewfmuh-oy7ip,2024-09-14T15:33:40Z,0,ğŸ˜‚,True
893,@ZedAl-c4r,2024-09-14T15:32:24Z,0,Telpon apbren,True
894,@nuraldiansyah5503,2024-09-14T15:32:01Z,0,Mainin cairi akuğŸ˜‚,True
895,@MaimunahQadrie,2024-09-14T15:31:59Z,0,Sutsujin vs kairiğŸ¥¶,True
896,@duarrmemex67,2024-09-14T15:31:55Z,0,APAKAH RAJA INI BISA MASUK M6 DAN BAWA PIALA  KE INDONESIA LG,True
897,@wokmenchanel25,2024-09-14T15:31:53Z,0,Kairi pun gigi nya rontok ğŸ˜‚ ma ujin,True
898,@maulanahasbi2036,2024-09-14T15:31:37Z,2,Bukan era onik lagi,True
899,@yahshh,2024-09-14T15:31:13Z,1,6:42,True
900,@rifqifircold4682,2024-09-14T15:29:51Z,345,7:00,True
901,@wandylngard6171,2024-09-14T15:29:47Z,0,Gg rrq,True
902,@dumarianaaviajaya,2024-09-14T15:29:39Z,0,Onic GK gunağŸ˜‚,True
903,@RoisArjam,2024-09-14T15:29:24Z,0,Pertama,True
904,@Familyflog0299,2024-09-14T15:29:02Z,53,Kairi nafsu banget.... Terlalu ambisi dia.... Jadi kalah hahaha,True
905,@FikriFadilah-w1p,2024-09-14T15:28:55Z,0,First ga?,True
906,@gloodiator7954,2024-09-14T15:28:51Z,0,ğŸ˜‚ğŸ˜‚ğŸ˜‚,True
907,@iyaniyan8451,2024-09-14T15:28:43Z,0,pertama,True
908,@RadityaAhmad-i3i,2024-09-14T15:28:42Z,1,wkwk onic onicğŸ˜‚ğŸ˜¢,True
909,@unknown.god1,2024-09-14T15:28:39Z,0,Judulnya ganti bot vs raja bagus tuh,True
910,@Roniehim,2024-09-14T15:28:36Z,0,"Klo butuh explane telpon gw, woy onic, siap ngebantai",True
911,@bebantim329,2024-09-14T15:28:34Z,1,Bjirrrr,True
912,@GolDJAy-e9n,2024-09-14T15:28:32Z,0,p for pertama,True
913,@hiberkarya9196,2024-09-14T15:28:31Z,0,Gg,True
914,@bocilgenk5177,2024-09-14T15:28:30Z,0,ğŸ˜…,True
915,@abdulmuis5426,2024-09-14T15:28:29Z,0,Menyala abngkuhhhhh,True
916,@hoirudinibrahim4398,2024-09-14T15:28:29Z,0,ğŸ˜‚,True
917,@rendrasaputra1326,2024-09-14T15:28:26Z,0,Pertama ğŸ‰,True
918,@NovaldiAwaludin,2024-09-14T15:28:25Z,0,"Gercep min,karna ketinggalan ğŸ˜‚ğŸ˜¢",True
919,@firmansalimhanif2712,2024-09-14T15:28:23Z,0,first,True
920,@NiellSkie,2024-09-14T15:28:19Z,1,FirstttğŸ‰ğŸ‰,True
921,@fahryramadhan1227,2024-09-14T15:28:17Z,0,ğŸ¤™,True
922,@nuraja5393,2024-09-14T15:28:17Z,1,Gg sih ini match,True
923,@m.agusananda2262,2024-09-14T15:28:14Z,4,Onic goooo,True
924,@AhmadZamzam-i1e,2024-09-14T15:28:09Z,0,Gelo,True
925,@ayasetya6475,2024-09-14T15:28:06Z,0,No 1,True
926,@BalfourGPankhurst,2024-09-14T15:27:55Z,0,GG,True
